"","module_id","gene_id","gene_name","seqid","strand","lsv_id","event_id","complex","module_event_combination","denovo","junction_name","junctions_coords","event_non_changing","event_changing","junction_changing","refPSI","KDSoma_median_psi","deltaPSI","prob","padjust","event","abs(deltaPSI)"
"1","ENSG00000112983.18_3","ENSG00000112983.18","BRD8","chr5","-","","ENSG00000112983.18_3_pA5_1","False","putative_alt5^1|ir^1","False","Proximal","chr5:138157267-138157642","False","False","True",0.017,0.147,0.119,0.961,0.016,"AFE/ALE",0.119
"2","ENSG00000022976.16_1","ENSG00000022976.16","ZNF839","chr14","+","ENSG00000022976.16:t:102325985-102326887","ENSG00000022976.16_1_afe_1","True","ir^2|afe^2","False","Distal","chr14:102317666-102325985","False","False","True",0.029,0.267,0.215,0.971,0.003,"AFE/ALE",0.215
"3","ENSG00000029534.21_1","ENSG00000029534.21","ANK1","chr8","-","ENSG00000029534.21:s:41896355-41896762","ENSG00000029534.21_1_pALE_1","False","putative_ale^1","True","Proximal","chr8:41818749-41896355","False","True","True",0.005,0.369,0.346,1,0,"AFE/ALE",0.346
"4","ENSG00000058453.17_2","ENSG00000058453.17","CROCC","chr1","+","ENSG00000058453.17:s:16895988-16896114","ENSG00000058453.17_2_MES_3","True","ir^1|ale^13|afe^5|putative_ale^4|putative_afe^1|multi_exon_spanning^5|other^1","","C1_A","chr1:","False","True","True",0,0.517,0.505,1,0,"cassette",0.505
"5","ENSG00000058453.17_2","ENSG00000058453.17","CROCC","chr1","+","ENSG00000058453.17:t:16936591-16936873","ENSG00000058453.17_2_MES_1","True","ir^1|ale^13|afe^5|putative_ale^4|putative_afe^1|multi_exon_spanning^5|other^1","","A_C2","chr1:","False","False","True",0.019,0.488,0.475,1,0,"cassette",0.475
"6","ENSG00000058453.17_2","ENSG00000058453.17","CROCC","chr1","+","ENSG00000058453.17:t:16966174-16966571","ENSG00000058453.17_2_afe_2","True","ir^1|ale^13|afe^5|putative_ale^4|putative_afe^1|multi_exon_spanning^5|other^1","True","Distal","chr1:16896114-16966174","False","True","True",0.001,0.804,0.797,1,0,"AFE/ALE",0.797
"7","ENSG00000090905.19_1","ENSG00000090905.19","TNRC6A","chr16","+","ENSG00000090905.19:t:24776933-24777027","ENSG00000090905.19_1_MES_1","True","cassette^2|tandem_cassette^2|multi_exon_spanning^2","False","A_C2","chr16:24758360-24776933","False","False","False",0.035,0.14,0.105,0.905,0.04,"cassette",0.105
"8","ENSG00000105327.18_1","ENSG00000105327.18","BBC3","chr19","-","ENSG00000105327.18:t:47226564-47227189","ENSG00000105327.18_1_afe_1","False","afe^1","True","Distal","chr19:47226754-47230929","False","False","False",0.047,0.203,0.149,0.924,0.016,"AFE/ALE",0.149
"9","ENSG00000110395.7_1","ENSG00000110395.7","CBL","chr11","+","ENSG00000110395.7:t:119271735-119271881","ENSG00000110395.7_1_CE_1","False","cassette^1","True","C2_C1","chr11:119206612-119271735","False","False","False",0.028,0.17,-0.132,0.943,0.018,"skipping",0.132
"10","ENSG00000117419.16_1","ENSG00000117419.16","ERI3","chr1","-","ENSG00000117419.16:s:44354892-44355260","ENSG00000117419.16_1_MES_3","True","cassette^3|tandem_cassette^2|alt5^2|multi_exon_spanning^4|other^1","False","C1_A","chr1:44352925-44354892","False","False","False",0.032,0.138,0.104,0.926,0.033,"cassette",0.104
"11","ENSG00000125675.20_1","ENSG00000125675.20","GRIA3","chrX","+","ENSG00000125675.20:s:123185832-123185990","ENSG00000125675.20_1_ale_1","False","ale^1","False","Proximal","chrX:123185990-123202636","False","False","False",0.016,0.163,0.126,0.928,0.024,"AFE/ALE",0.126
"12","ENSG00000132005.9_2","ENSG00000132005.9","RFX1","chr19","-","ENSG00000132005.9:s:13979447-13979542","ENSG00000132005.9_2_CE_1","False","cassette^1","True","C1_A","chr19:13979079-13979447","False","False","True",0.041,0.261,0.215,0.996,0.001,"cassette",0.215
"13","ENSG00000134780.10_3","ENSG00000134780.10","DAGLA","chr11","+","ENSG00000134780.10:s:61725995-61726082","ENSG00000134780.10_3_pALE_1","False","putative_ale^1","True","Proximal","chr11:61726082-61726676","False","False","False",0.041,0.178,0.135,0.913,0.023,"AFE/ALE",0.135
"14","ENSG00000141314.13_1","ENSG00000141314.13","RHBDL3","chr17","+","ENSG00000141314.13:t:32284152-32284817","ENSG00000141314.13_1_CE_1","True","cassette^1|ir^2|ale^6|multi_exon_spanning^1","False","C2_C1","chr17:32266300-32284659","False","False","False",0.045,0.229,-0.16,0.913,0.013,"skipping",0.16
"15","ENSG00000144369.14_1","ENSG00000144369.14","FAM171B","chr2","+","ENSG00000144369.14:s:186694060-186694411","ENSG00000144369.14_1_pALE_1","False","putative_ale^1","True","Proximal","chr2:186694411-186708984","False","False","False",0.026,0.121,0.094,0.901,0.048,"AFE/ALE",0.094
"16","ENSG00000158987.22_10","ENSG00000158987.22","RAPGEF6","chr5","-","ENSG00000158987.22:s:131439581-131439715","ENSG00000158987.22_10_pA3_1","True","putative_alt3^1|ir^3","False","Proximal","chr5:131436381-131439581","False","False","True",0.008,0.28,0.255,1,0,"AFE/ALE",0.255
"17","ENSG00000159674.12_1","ENSG00000159674.12","SPON2","chr4","-","ENSG00000159674.12:t:1171754-1172300","ENSG00000159674.12_1_afe_1","True","afe^1|putative_afe^1","True","Distal","chr4:1172300-1191100","False","False","True",0.028,0.219,0.174,0.961,0.006,"AFE/ALE",0.174
"18","ENSG00000164081.13_1","ENSG00000164081.13","TEX264","chr3","+","ENSG00000164081.13:s:51674271-51674562","ENSG00000164081.13_1_CE_3","True","cassette^3|afe^7|multi_exon_spanning^3","False","C1_C2","chr3:51674562-51699406","False","False","True",0.039,0.21,-0.164,0.967,0.008,"skipping",0.164
"19","ENSG00000167393.18_1","ENSG00000167393.18","PPP2R3B","chrX","-","ENSG00000167393.18:t:361405-361590","ENSG00000167393.18_1_CE_1","True","cassette^1|afe^2|multi_exon_spanning^1","False","C2_A","chrX:361590-362255","False","False","True",0.031,0.179,0.147,0.974,0.008,"cassette",0.147
"20","ENSG00000169682.18_1","ENSG00000169682.18","SPNS1","chr16","+","ENSG00000169682.18:s:28977908-28978044","ENSG00000169682.18_1_A3_1","True","cassette^2|alt3^1|ale^3|multi_exon_spanning^2|other^1","True","Proximal","chr16:28978044-28978946","False","True","True",0.05,0.383,0.329,1,0,"AFE/ALE",0.329
"21","ENSG00000173480.11_1","ENSG00000173480.11","ZNF417","chr19","-","ENSG00000173480.11:s:57916379-57916610","ENSG00000173480.11_1_MES_1","True","cassette^2|alt3^1|putative_alt3^1|ir^3|ale^3|afe^2|multi_exon_spanning^3","False","C1_A","chr19:57915665-57916379","False","False","True",0.012,0.192,0.156,0.988,0.003,"cassette",0.156
"22","ENSG00000174238.16_3","ENSG00000174238.16","PITPNA","chr17","-","ENSG00000174238.16:s:1535027-1535292","ENSG00000174238.16_3_A5_1","False","alt5^1","True","Proximal","chr17:1534221-1535027","False","False","True",0.035,0.144,0.119,0.991,0.004,"AFE/ALE",0.119
"23","ENSG00000175395.16_1","ENSG00000175395.16","ZNF25","chr10","-","ENSG00000175395.16:t:37971708-37971807","ENSG00000175395.16_1_pAFE_1","True","putative_afe^4|other^1","True","Proximal","chr10:37971807-37971915","False","False","False",0.042,0.208,0.15,0.913,0.017,"AFE/ALE",0.15
"24","ENSG00000183666.18_1","ENSG00000183666.18","GUSBP1","chr5","+","ENSG00000183666.18:t:21495098-21495182","ENSG00000183666.18_1_MES_3","True","cassette^1|ir^5|ale^20|afe^1|multi_exon_spanning^4|other^1","False","A_C2","chr5:21491508-21495098","False","False","False",0.017,0.156,0.121,0.916,0.031,"cassette",0.121
"25","ENSG00000185596.16_1","ENSG00000185596.16","WASH3P","chr15","+","ENSG00000185596.16:t:101972583-101972694","ENSG00000185596.16_1_afe_1","True","cassette^3|alt3^1|ir^2|afe^2|multi_exon_spanning^3","False","Proximal","chr15:101972049-101972596","False","False","True",0.022,0.194,0.168,1,0,"AFE/ALE",0.168
"26","ENSG00000196646.12_1","ENSG00000196646.12","ZNF136","chr19","+","ENSG00000196646.12:s:12163064-12163206","ENSG00000196646.12_1_CE_1","False","cassette^1","False","C1_C2","chr19:12163206-12186114","False","False","True",0.033,0.19,-0.149,0.967,0.009,"skipping",0.149
"27","ENSG00000197860.10_2","ENSG00000197860.10","SGTB","chr5","-","ENSG00000197860.10:s:65708489-65708558","ENSG00000197860.10_2_CE_1","False","cassette^1","True","C1_A","chr5:65704796-65708489","False","False","True",0.027,0.161,0.133,0.954,0.015,"cassette",0.133
"28","ENSG00000204969.7_1","ENSG00000204969.7","PCDHA2","chr5","+","ENSG00000204969.7:s:140794852-140797477","ENSG00000204969.7_1_pALE_3","True","ale^2|putative_ale^8|orphan_junc^7|multi_exon_spanning^2","True","Proximal","chr5:140795092-140801326","False","False","True",0.001,0.311,0.286,1,0,"AFE/ALE",0.286
"29","ENSG00000204969.7_1","ENSG00000204969.7","PCDHA2","chr5","+","ENSG00000204969.7:s:140801326-140801542","ENSG00000204969.7_1_MES_2","True","ale^2|putative_ale^8|orphan_junc^7|multi_exon_spanning^2","","C1_A","chr5:","False","False","True",0.019,0.163,0.13,0.969,0.011,"cassette",0.13
"30","ENSG00000204970.10_1","ENSG00000204970.10","PCDHA1","chr5","+","ENSG00000204970.10:s:140801326-140801542","ENSG00000204970.10_1_MES_1","True","ale^2|putative_ale^2|orphan_junc^5|multi_exon_spanning^1","","C1_A","chr5:","False","False","True",0.019,0.163,0.13,0.969,0.011,"cassette",0.13
"31","ENSG00000206560.12_1","ENSG00000206560.12","ANKRD28","chr3","-","ENSG00000206560.12:s:15738604-15738707","ENSG00000206560.12_1_MES_184","True","cassette^2|alt3^38|alt5^138|putative_alt3^7|alt3_5^180|ir^17|ale^934|afe^211|putative_ale^3657|putative_afe^20|multi_exon_spanning^186|other^1","True","C1_A","chr3:15712549-15738631","False","False","True",0,0.212,0.179,1,0,"cassette",0.179
"32","ENSG00000206560.12_1","ENSG00000206560.12","ANKRD28","chr3","-","ENSG00000206560.12:s:15738604-15738707","ENSG00000206560.12_1_MES_73","True","cassette^2|alt3^38|alt5^138|putative_alt3^7|alt3_5^180|ir^17|ale^934|afe^211|putative_ale^3657|putative_afe^20|multi_exon_spanning^186|other^1","True","C1_A","chr3:15712549-15738631","False","False","True",0,0.28,0.257,0.993,0.001,"cassette",0.257
"33","ENSG00000206560.12_1","ENSG00000206560.12","ANKRD28","chr3","-","ENSG00000206560.12:t:15678209-15678728","ENSG00000206560.12_1_MES_31","True","cassette^2|alt3^38|alt5^138|putative_alt3^7|alt3_5^180|ir^17|ale^934|afe^211|putative_ale^3657|putative_afe^20|multi_exon_spanning^186|other^1","False","A_C2","chr3:15678354-15679301","False","False","True",0.04,0.339,0.313,0.981,0.001,"cassette",0.313
"34","ENSG00000206560.12_1","ENSG00000206560.12","ANKRD28","chr3","-","ENSG00000206560.12:t:15694739-15695161","ENSG00000206560.12_1_MES_53","True","cassette^2|alt3^38|alt5^138|putative_alt3^7|alt3_5^180|ir^17|ale^934|afe^211|putative_ale^3657|putative_afe^20|multi_exon_spanning^186|other^1","","A_C2","chr3:","False","False","False",0.001,0.188,0.15,0.921,0.021,"cassette",0.15
"35","ENSG00000206560.12_1","ENSG00000206560.12","ANKRD28","chr3","-","ENSG00000206560.12:t:15695188-15696105","ENSG00000206560.12_1_A3A5_38","True","cassette^2|alt3^38|alt5^138|putative_alt3^7|alt3_5^180|ir^17|ale^934|afe^211|putative_ale^3657|putative_afe^20|multi_exon_spanning^186|other^1","True","E2_E1_J2","chr3:15695740-15738559","False","False","True",0,0.186,0.152,0.962,0.011,"cassette",0.152
"36","ENSG00000206560.12_1","ENSG00000206560.12","ANKRD28","chr3","-","ENSG00000206560.12:t:15696134-15699117","ENSG00000206560.12_1_afe_63","True","cassette^2|alt3^38|alt5^138|putative_alt3^7|alt3_5^180|ir^17|ale^934|afe^211|putative_ale^3657|putative_afe^20|multi_exon_spanning^186|other^1","True","Distal","chr3:15696245-15738631","False","False","True",0,0.401,0.38,1,0,"AFE/ALE",0.38
"37","ENSG00000206560.12_1","ENSG00000206560.12","ANKRD28","chr3","-","ENSG00000206560.12:t:15711211-15711398","ENSG00000206560.12_1_A3A5_100","True","cassette^2|alt3^38|alt5^138|putative_alt3^7|alt3_5^180|ir^17|ale^934|afe^211|putative_ale^3657|putative_afe^20|multi_exon_spanning^186|other^1","True","E2_E1_J2","chr3:15711331-15738526","False","False","True",0.013,0.167,0.135,0.951,0.015,"cassette",0.135
"38","ENSG00000206560.12_1","ENSG00000206560.12","ANKRD28","chr3","-","ENSG00000206560.12:t:15713527-15714490","ENSG00000206560.12_1_MES_153","True","cassette^2|alt3^38|alt5^138|putative_alt3^7|alt3_5^180|ir^17|ale^934|afe^211|putative_ale^3657|putative_afe^20|multi_exon_spanning^186|other^1","","A_C2","chr3:","False","False","True",0,0.158,0.133,0.979,0.008,"cassette",0.133
"39","ENSG00000206560.12_1","ENSG00000206560.12","ANKRD28","chr3","-","ENSG00000206560.12:t:15714578-15716323","ENSG00000206560.12_1_A3A5_147","True","cassette^2|alt3^38|alt5^138|putative_alt3^7|alt3_5^180|ir^17|ale^934|afe^211|putative_ale^3657|putative_afe^20|multi_exon_spanning^186|other^1","True","E2_E1_J1","chr3:15716173-15738583","False","False","True",0.007,0.154,0.128,0.964,0.016,"cassette",0.128
"40","ENSG00000206560.12_1","ENSG00000206560.12","ANKRD28","chr3","-","ENSG00000206560.12:t:na-15706998","ENSG00000206560.12_1_A5_68","True","cassette^2|alt3^38|alt5^138|putative_alt3^7|alt3_5^180|ir^17|ale^934|afe^211|putative_ale^3657|putative_afe^20|multi_exon_spanning^186|other^1","True","Distal","chr3:15706998-15738588","False","True","True",0.001,0.506,0.497,1,0,"AFE/ALE",0.497
"41","ENSG00000206560.12_1","ENSG00000206560.12","ANKRD28","chr3","-","ENSG00000206560.12:t:na-15712019","ENSG00000206560.12_1_A5_86","True","cassette^2|alt3^38|alt5^138|putative_alt3^7|alt3_5^180|ir^17|ale^934|afe^211|putative_ale^3657|putative_afe^20|multi_exon_spanning^186|other^1","True","Distal","chr3:15712019-15738588","False","False","True",0.002,0.441,0.429,0.998,0,"AFE/ALE",0.429
"42","ENSG00000213741.11_1","ENSG00000213741.11","RPS29","chr14","-","ENSG00000213741.11:t:49570984-49583417","ENSG00000213741.11_1_A3A5_1","True","alt3^26|alt5^5|alt3_5^54|ale^93|afe^140|multi_exon_spanning^88|other^1","True","E2_E1_J2","chr14:49575779-49586656","False","False","True",0.031,0.127,0.101,0.978,0.013,"cassette",0.101
"43","ENSG00000213741.11_1","ENSG00000213741.11","RPS29","chr14","-","ENSG00000213741.11:t:49586285-49586569","ENSG00000213741.11_1_A3A5_45","True","alt3^26|alt5^5|alt3_5^54|ale^93|afe^140|multi_exon_spanning^88|other^1","True","E2_E1_J2","chr14:49586316-49586630","False","False","False",0,0.13,0.104,0.911,0.043,"cassette",0.104
"44","ENSG00000224078.15_3","ENSG00000224078.15","SNHG14","chr15","+","ENSG00000224078.15:s:25073107-25073239","ENSG00000224078.15_3_MES_50","True","cassette^13|alt3^3|alt5^4|putative_alt3^5|putative_alt5^5|alt3_5^13|mxe^30|ir^75|ale^11|afe^24|putative_ale^20|putative_afe^3|multi_exon_spanning^55|other^1","","C1_A","chr15:","False","False","True",0.007,0.529,0.522,1,0,"cassette",0.522
"45","ENSG00000224078.15_9","ENSG00000224078.15","SNHG14","chr15","+","ENSG00000224078.15:s:25193133-25193489","ENSG00000224078.15_9_A3A5_1","True","cassette^3|alt5^1|alt3_5^1|ir^16|ale^19|afe^11|putative_ale^3|multi_exon_spanning^8|other^1","True","E1_E2_J2","chr15:25193358-25201361","False","False","True",0.002,0.484,0.466,1,0,"cassette",0.466
"46","ENSG00000224078.15_11","ENSG00000224078.15","SNHG14","chr15","+","ENSG00000224078.15:s:25230670-25230875","ENSG00000224078.15_11_MES_1","True","cassette^1|ale^2|afe^4|multi_exon_spanning^3","False","C1_A","chr15:25230781-25231166","False","True","True",0.021,0.713,0.693,1,0,"cassette",0.693
"47","ENSG00000224078.15_3","ENSG00000224078.15","SNHG14","chr15","+","ENSG00000224078.15:t:25062346-25062423","ENSG00000224078.15_3_A3A5_2","True","cassette^13|alt3^3|alt5^4|putative_alt3^5|putative_alt5^5|alt3_5^13|mxe^30|ir^75|ale^11|afe^24|putative_ale^20|putative_afe^3|multi_exon_spanning^55|other^1","True","E2_E1_J1","chr15:25056950-25062346","False","False","True",0.009,0.224,0.197,0.998,0,"cassette",0.197
"48","ENSG00000224078.15_3","ENSG00000224078.15","SNHG14","chr15","+","ENSG00000224078.15:t:25089912-25090010","ENSG00000224078.15_3_MES_48","True","cassette^13|alt3^3|alt5^4|putative_alt3^5|putative_alt5^5|alt3_5^13|mxe^30|ir^75|ale^11|afe^24|putative_ale^20|putative_afe^3|multi_exon_spanning^55|other^1","","A_C2","chr15:","False","False","True",0.006,0.215,0.201,0.968,0.004,"cassette",0.201
"49","ENSG00000224078.15_9","ENSG00000224078.15","SNHG14","chr15","+","ENSG00000224078.15:t:25201340-25201695","ENSG00000224078.15_9_afe_8","True","cassette^3|alt5^1|alt3_5^1|ir^16|ale^19|afe^11|putative_ale^3|multi_exon_spanning^8|other^1","True","Distal","chr15:25193358-25201361","False","True","True",0.002,0.527,0.506,1,0,"AFE/ALE",0.506
"50","ENSG00000224078.15_11","ENSG00000224078.15","SNHG14","chr15","+","ENSG00000224078.15:t:25232425-25232755","ENSG00000224078.15_11_afe_1","True","cassette^1|ale^2|afe^4|multi_exon_spanning^3","True","Distal","chr15:25230875-25232425","False","True","True",0.021,0.715,0.705,1,0,"AFE/ALE",0.705
"51","ENSG00000227345.9_2","ENSG00000227345.9","PARG","chr10","-","ENSG00000227345.9:t:49922336-49922419","ENSG00000227345.9_2_CE_1","False","cassette^1","False","C2_C1","chr10:49922419-49932100","False","False","False",0.033,0.2,-0.145,0.913,0.017,"skipping",0.145
"52","ENSG00000278996.1_1","ENSG00000278996.1","ENSG00000278996","chr21","+","ENSG00000278996.1:s:8210897-8211183","ENSG00000278996.1_1_MES_114","True","cassette^42|alt3^33|alt5^40|alt3_5^67|mxe^116|ir^1|ale^1989|afe^817|putative_ale^544|putative_afe^479|orphan_junc^5|multi_exon_spanning^236|other^1","","C1_A","chr21:","False","True","True",0.003,0.273,0.251,1,0,"cassette",0.251
"53","ENSG00000278996.1_1","ENSG00000278996.1","ENSG00000278996","chr21","+","ENSG00000278996.1:s:8211221-8211313","ENSG00000278996.1_1_MES_129","True","cassette^42|alt3^33|alt5^40|alt3_5^67|mxe^116|ir^1|ale^1989|afe^817|putative_ale^544|putative_afe^479|orphan_junc^5|multi_exon_spanning^236|other^1","","C1_A","chr21:","False","False","False",0.016,0.154,0.123,0.925,0.027,"cassette",0.123
"54","ENSG00000278996.1_1","ENSG00000278996.1","ENSG00000278996","chr21","+","ENSG00000278996.1:s:8211363-8211403","ENSG00000278996.1_1_MES_136","True","cassette^42|alt3^33|alt5^40|alt3_5^67|mxe^116|ir^1|ale^1989|afe^817|putative_ale^544|putative_afe^479|orphan_junc^5|multi_exon_spanning^236|other^1","","C1_A","chr21:","False","False","True",0.001,0.226,0.196,0.996,0.001,"cassette",0.196
"55","ENSG00000278996.1_1","ENSG00000278996.1","ENSG00000278996","chr21","+","ENSG00000278996.1:s:8212592-8212843","ENSG00000278996.1_1_MES_170","True","cassette^42|alt3^33|alt5^40|alt3_5^67|mxe^116|ir^1|ale^1989|afe^817|putative_ale^544|putative_afe^479|orphan_junc^5|multi_exon_spanning^236|other^1","","C1_A","chr21:","False","True","True",0.03,0.199,0.171,1,0,"cassette",0.171
"56","ENSG00000278996.1_1","ENSG00000278996.1","ENSG00000278996","chr21","+","ENSG00000278996.1:s:8214622-8214635","ENSG00000278996.1_1_MES_189","True","cassette^42|alt3^33|alt5^40|alt3_5^67|mxe^116|ir^1|ale^1989|afe^817|putative_ale^544|putative_afe^479|orphan_junc^5|multi_exon_spanning^236|other^1","","C1_A","chr21:","False","False","True",0,0.203,0.184,0.998,0,"cassette",0.184
"57","ENSG00000278996.1_1","ENSG00000278996.1","ENSG00000278996","chr21","+","ENSG00000278996.1:s:8215029-8215105","ENSG00000278996.1_1_ale_1402","True","cassette^42|alt3^33|alt5^40|alt3_5^67|mxe^116|ir^1|ale^1989|afe^817|putative_ale^544|putative_afe^479|orphan_junc^5|multi_exon_spanning^236|other^1","True","Distal","chr21:8215105-8218142","False","False","True",0,0.397,0.371,1,0,"AFE/ALE",0.371
"58","ENSG00000278996.1_1","ENSG00000278996.1","ENSG00000278996","chr21","+","ENSG00000278996.1:s:8217106-8217206","ENSG00000278996.1_1_A3A5_66","True","cassette^42|alt3^33|alt5^40|alt3_5^67|mxe^116|ir^1|ale^1989|afe^817|putative_ale^544|putative_afe^479|orphan_junc^5|multi_exon_spanning^236|other^1","True","E1_E2_J1","chr21:8217141-8217498","False","False","True",0.033,0.174,0.137,0.979,0.007,"cassette",0.137
"59","ENSG00000278996.1_1","ENSG00000278996.1","ENSG00000278996","chr21","+","ENSG00000278996.1:s:na-8199030","ENSG00000278996.1_1_CE_1","True","cassette^42|alt3^33|alt5^40|alt3_5^67|mxe^116|ir^1|ale^1989|afe^817|putative_ale^544|putative_afe^479|orphan_junc^5|multi_exon_spanning^236|other^1","True","C1_A","chr21:8199030-8211420","False","False","True",0.001,0.208,0.175,0.998,0.001,"cassette",0.175
"60","ENSG00000278996.1_1","ENSG00000278996.1","ENSG00000278996","chr21","+","ENSG00000278996.1:t:8209610-8209704","ENSG00000278996.1_1_pAFE_323","True","cassette^42|alt3^33|alt5^40|alt3_5^67|mxe^116|ir^1|ale^1989|afe^817|putative_ale^544|putative_afe^479|orphan_junc^5|multi_exon_spanning^236|other^1","True","Distal","chr21:8205924-8209700","False","False","True",0.001,0.335,0.294,1,0,"AFE/ALE",0.294
"61","ENSG00000278996.1_1","ENSG00000278996.1","ENSG00000278996","chr21","+","ENSG00000278996.1:t:8214636-8214639","ENSG00000278996.1_1_afe_173","True","cassette^42|alt3^33|alt5^40|alt3_5^67|mxe^116|ir^1|ale^1989|afe^817|putative_ale^544|putative_afe^479|orphan_junc^5|multi_exon_spanning^236|other^1","True","Distal","chr21:8200509-8214636","False","False","True",0.039,0.229,0.184,0.953,0.006,"AFE/ALE",0.184
"62","ENSG00000278996.1_1","ENSG00000278996.1","ENSG00000278996","chr21","+","ENSG00000278996.1:t:8214961-8214962","ENSG00000278996.1_1_CE_17","True","cassette^42|alt3^33|alt5^40|alt3_5^67|mxe^116|ir^1|ale^1989|afe^817|putative_ale^544|putative_afe^479|orphan_junc^5|multi_exon_spanning^236|other^1","True","C2_C1","chr21:8205924-8214961","False","False","True",0.002,0.241,-0.21,0.99,0.002,"skipping",0.21
"63","ENSG00000278996.1_1","ENSG00000278996.1","ENSG00000278996","chr21","+","ENSG00000278996.1:t:8215304-8215391","ENSG00000278996.1_1_afe_456","True","cassette^42|alt3^33|alt5^40|alt3_5^67|mxe^116|ir^1|ale^1989|afe^817|putative_ale^544|putative_afe^479|orphan_junc^5|multi_exon_spanning^236|other^1","True","Proximal","chr21:8210978-8215375","False","False","True",0.004,0.324,0.303,1,0,"AFE/ALE",0.303
"64","ENSG00000278996.1_1","ENSG00000278996.1","ENSG00000278996","chr21","+","ENSG00000278996.1:t:8216109-8216203","ENSG00000278996.1_1_MES_167","True","cassette^42|alt3^33|alt5^40|alt3_5^67|mxe^116|ir^1|ale^1989|afe^817|putative_ale^544|putative_afe^479|orphan_junc^5|multi_exon_spanning^236|other^1","","A_C2","chr21:","False","False","True",0.012,0.351,0.317,1,0,"cassette",0.317
"65","ENSG00000278996.1_1","ENSG00000278996.1","ENSG00000278996","chr21","+","ENSG00000278996.1:t:8218118-na","ENSG00000278996.1_1_CE_24","True","cassette^42|alt3^33|alt5^40|alt3_5^67|mxe^116|ir^1|ale^1989|afe^817|putative_ale^544|putative_afe^479|orphan_junc^5|multi_exon_spanning^236|other^1","True","C2_C1","chr21:8207273-8218118","False","False","False",0.04,0.249,-0.17,0.927,0.011,"skipping",0.17
"66","ENSG00000278996.1_1","ENSG00000278996.1","ENSG00000278996","chr21","+","ENSG00000278996.1:t:8218131-na","ENSG00000278996.1_1_other","True","cassette^42|alt3^33|alt5^40|alt3_5^67|mxe^116|ir^1|ale^1989|afe^817|putative_ale^544|putative_afe^479|orphan_junc^5|multi_exon_spanning^236|other^1","True","J12","chr21:8218102-8218131","False","False","True",0.027,0.303,0.276,0.999,0,"cassette",0.276
"67","ENSG00000278996.1_1","ENSG00000278996.1","ENSG00000278996","chr21","+","ENSG00000278996.1:t:8218142-na","ENSG00000278996.1_1_CE_14","True","cassette^42|alt3^33|alt5^40|alt3_5^67|mxe^116|ir^1|ale^1989|afe^817|putative_ale^544|putative_afe^479|orphan_junc^5|multi_exon_spanning^236|other^1","True","C2_A","chr21:8212096-8218142","False","False","True",0.002,0.188,0.17,0.971,0.007,"cassette",0.17
"68","ENSG00000278996.1_1","ENSG00000278996.1","ENSG00000278996","chr21","+","ENSG00000278996.1:t:8218142-na","ENSG00000278996.1_1_pAFE_165","True","cassette^42|alt3^33|alt5^40|alt3_5^67|mxe^116|ir^1|ale^1989|afe^817|putative_ale^544|putative_afe^479|orphan_junc^5|multi_exon_spanning^236|other^1","True","Proximal","chr21:8215105-8218142","False","True","True",0.002,0.685,0.683,1,0,"AFE/ALE",0.683
"69","ENSG00000278996.1_1","ENSG00000278996.1","ENSG00000278996","chr21","+","ENSG00000278996.1:t:8218148-na","ENSG00000278996.1_1_afe_291","True","cassette^42|alt3^33|alt5^40|alt3_5^67|mxe^116|ir^1|ale^1989|afe^817|putative_ale^544|putative_afe^479|orphan_junc^5|multi_exon_spanning^236|other^1","True","Distal","chr21:8206322-8218148","False","False","True",0.007,0.923,0.913,1,0,"AFE/ALE",0.913
"70","ENSG00000280441.3_1","ENSG00000280441.3","ENSG00000280441","chr21","+","ENSG00000280441.3:s:8392645-8392668","ENSG00000280441.3_1_MES_90","True","cassette^126|alt3^121|alt5^110|putative_alt5^1|alt3_5^140|mxe^927|ir^31|ale^7278|afe^7477|putative_ale^151|putative_afe^2039|orphan_junc^2|multi_exon_spanning^1445|other^1","","C1_A","chr21:","False","False","True",0.009,0.294,0.265,1,0,"cassette",0.265
"71","ENSG00000280441.3_1","ENSG00000280441.3","ENSG00000280441","chr21","+","ENSG00000280441.3:s:8392891-8393051","ENSG00000280441.3_1_MES_119","True","cassette^126|alt3^121|alt5^110|putative_alt5^1|alt3_5^140|mxe^927|ir^31|ale^7278|afe^7477|putative_ale^151|putative_afe^2039|orphan_junc^2|multi_exon_spanning^1445|other^1","","C1_A","chr21:","False","False","True",0,0.175,0.151,0.989,0.003,"cassette",0.151
"72","ENSG00000280441.3_1","ENSG00000280441.3","ENSG00000280441","chr21","+","ENSG00000280441.3:s:8393068-8393069","ENSG00000280441.3_1_MES_126","True","cassette^126|alt3^121|alt5^110|putative_alt5^1|alt3_5^140|mxe^927|ir^31|ale^7278|afe^7477|putative_ale^151|putative_afe^2039|orphan_junc^2|multi_exon_spanning^1445|other^1","","C1_A","chr21:","False","False","True",0.004,0.341,0.307,0.996,0,"cassette",0.307
"73","ENSG00000280441.3_1","ENSG00000280441.3","ENSG00000280441","chr21","+","ENSG00000280441.3:s:8393266-8393507","ENSG00000280441.3_1_CE_29","True","cassette^126|alt3^121|alt5^110|putative_alt5^1|alt3_5^140|mxe^927|ir^31|ale^7278|afe^7477|putative_ale^151|putative_afe^2039|orphan_junc^2|multi_exon_spanning^1445|other^1","True","C1_A","chr21:8393338-8395600","False","False","True",0.006,0.268,0.252,1,0,"cassette",0.252
"74","ENSG00000280441.3_1","ENSG00000280441.3","ENSG00000280441","chr21","+","ENSG00000280441.3:s:8393521-8393708","ENSG00000280441.3_1_MES_154","True","cassette^126|alt3^121|alt5^110|putative_alt5^1|alt3_5^140|mxe^927|ir^31|ale^7278|afe^7477|putative_ale^151|putative_afe^2039|orphan_junc^2|multi_exon_spanning^1445|other^1","","C1_A","chr21:","False","False","True",0.019,0.146,0.124,0.95,0.018,"cassette",0.124
"75","ENSG00000280441.3_1","ENSG00000280441.3","ENSG00000280441","chr21","+","ENSG00000280441.3:s:8395655-8395681","ENSG00000280441.3_1_MES_259","True","cassette^126|alt3^121|alt5^110|putative_alt5^1|alt3_5^140|mxe^927|ir^31|ale^7278|afe^7477|putative_ale^151|putative_afe^2039|orphan_junc^2|multi_exon_spanning^1445|other^1","","C1_A","chr21:","False","True","True",0.032,0.253,0.214,1,0,"cassette",0.214
"76","ENSG00000280441.3_1","ENSG00000280441.3","ENSG00000280441","chr21","+","ENSG00000280441.3:s:8397026-8397244","ENSG00000280441.3_1_MES_352","True","cassette^126|alt3^121|alt5^110|putative_alt5^1|alt3_5^140|mxe^927|ir^31|ale^7278|afe^7477|putative_ale^151|putative_afe^2039|orphan_junc^2|multi_exon_spanning^1445|other^1","","C1_A","chr21:","False","False","True",0.02,0.173,0.147,0.974,0.008,"cassette",0.147
"77","ENSG00000280441.3_1","ENSG00000280441.3","ENSG00000280441","chr21","+","ENSG00000280441.3:s:8397587-8397640","ENSG00000280441.3_1_MES_424","True","cassette^126|alt3^121|alt5^110|putative_alt5^1|alt3_5^140|mxe^927|ir^31|ale^7278|afe^7477|putative_ale^151|putative_afe^2039|orphan_junc^2|multi_exon_spanning^1445|other^1","","C1_A","chr21:","False","False","True",0.028,0.255,0.219,1,0,"cassette",0.219
"78","ENSG00000280441.3_1","ENSG00000280441.3","ENSG00000280441","chr21","+","ENSG00000280441.3:s:8398587-8398670","ENSG00000280441.3_1_A3A5_61","True","cassette^126|alt3^121|alt5^110|putative_alt5^1|alt3_5^140|mxe^927|ir^31|ale^7278|afe^7477|putative_ale^151|putative_afe^2039|orphan_junc^2|multi_exon_spanning^1445|other^1","True","E1_E2_J1","chr21:8398649-8399385","False","False","True",0,0.186,0.16,1,0,"cassette",0.16
"79","ENSG00000280441.3_1","ENSG00000280441.3","ENSG00000280441","chr21","+","ENSG00000280441.3:s:8398902-8398913","ENSG00000280441.3_1_MES_527","True","cassette^126|alt3^121|alt5^110|putative_alt5^1|alt3_5^140|mxe^927|ir^31|ale^7278|afe^7477|putative_ale^151|putative_afe^2039|orphan_junc^2|multi_exon_spanning^1445|other^1","","C1_A","chr21:","False","False","True",0.013,0.157,0.132,0.955,0.016,"cassette",0.132
"80","ENSG00000280441.3_1","ENSG00000280441.3","ENSG00000280441","chr21","+","ENSG00000280441.3:s:8398917-8399060","ENSG00000280441.3_1_MES_545","True","cassette^126|alt3^121|alt5^110|putative_alt5^1|alt3_5^140|mxe^927|ir^31|ale^7278|afe^7477|putative_ale^151|putative_afe^2039|orphan_junc^2|multi_exon_spanning^1445|other^1","","C1_A","chr21:","False","False","True",0,0.147,0.123,0.951,0.02,"cassette",0.123
"81","ENSG00000280441.3_1","ENSG00000280441.3","ENSG00000280441","chr21","+","ENSG00000280441.3:s:8398917-8399060","ENSG00000280441.3_1_MES_546","True","cassette^126|alt3^121|alt5^110|putative_alt5^1|alt3_5^140|mxe^927|ir^31|ale^7278|afe^7477|putative_ale^151|putative_afe^2039|orphan_junc^2|multi_exon_spanning^1445|other^1","","C1_A","chr21:","False","False","True",0,0.265,0.244,1,0,"cassette",0.244
"82","ENSG00000280441.3_1","ENSG00000280441.3","ENSG00000280441","chr21","+","ENSG00000280441.3:s:8399389-8399453","ENSG00000280441.3_1_MES_597","True","cassette^126|alt3^121|alt5^110|putative_alt5^1|alt3_5^140|mxe^927|ir^31|ale^7278|afe^7477|putative_ale^151|putative_afe^2039|orphan_junc^2|multi_exon_spanning^1445|other^1","","C1_A","chr21:","False","False","False",0,0.119,0.096,0.913,0.046,"cassette",0.096
"83","ENSG00000280441.3_1","ENSG00000280441.3","ENSG00000280441","chr21","+","ENSG00000280441.3:s:8399762-8399812","ENSG00000280441.3_1_A3A5_75","True","cassette^126|alt3^121|alt5^110|putative_alt5^1|alt3_5^140|mxe^927|ir^31|ale^7278|afe^7477|putative_ale^151|putative_afe^2039|orphan_junc^2|multi_exon_spanning^1445|other^1","True","E1_E2_J2","chr21:8399812-8443954","False","False","False",0.009,0.148,0.121,0.932,0.024,"cassette",0.121
"84","ENSG00000280441.3_1","ENSG00000280441.3","ENSG00000280441","chr21","+","ENSG00000280441.3:s:8400354-8400384","ENSG00000280441.3_1_MES_703","True","cassette^126|alt3^121|alt5^110|putative_alt5^1|alt3_5^140|mxe^927|ir^31|ale^7278|afe^7477|putative_ale^151|putative_afe^2039|orphan_junc^2|multi_exon_spanning^1445|other^1","","C1_A","chr21:","False","False","True",0.025,0.325,0.304,1,0,"cassette",0.304
"85","ENSG00000280441.3_1","ENSG00000280441.3","ENSG00000280441","chr21","+","ENSG00000280441.3:s:8400848-8400865","ENSG00000280441.3_1_MES_743","True","cassette^126|alt3^121|alt5^110|putative_alt5^1|alt3_5^140|mxe^927|ir^31|ale^7278|afe^7477|putative_ale^151|putative_afe^2039|orphan_junc^2|multi_exon_spanning^1445|other^1","","C1_A","chr21:","False","False","False",0.016,0.227,0.192,0.932,0.01,"cassette",0.192
"86","ENSG00000280441.3_1","ENSG00000280441.3","ENSG00000280441","chr21","+","ENSG00000280441.3:s:8400940-8401006","ENSG00000280441.3_1_MES_771","True","cassette^126|alt3^121|alt5^110|putative_alt5^1|alt3_5^140|mxe^927|ir^31|ale^7278|afe^7477|putative_ale^151|putative_afe^2039|orphan_junc^2|multi_exon_spanning^1445|other^1","","C1_A","chr21:","False","False","False",0.015,0.131,0.114,0.927,0.032,"cassette",0.114
"87","ENSG00000280441.3_1","ENSG00000280441.3","ENSG00000280441","chr21","+","ENSG00000280441.3:s:8401517-8401527","ENSG00000280441.3_1_MES_814","True","cassette^126|alt3^121|alt5^110|putative_alt5^1|alt3_5^140|mxe^927|ir^31|ale^7278|afe^7477|putative_ale^151|putative_afe^2039|orphan_junc^2|multi_exon_spanning^1445|other^1","","C1_A","chr21:","False","False","True",0.034,0.19,0.163,0.982,0.004,"cassette",0.163
"88","ENSG00000280441.3_1","ENSG00000280441.3","ENSG00000280441","chr21","+","ENSG00000280441.3:s:8402177-8403386","ENSG00000280441.3_1_MES_873","True","cassette^126|alt3^121|alt5^110|putative_alt5^1|alt3_5^140|mxe^927|ir^31|ale^7278|afe^7477|putative_ale^151|putative_afe^2039|orphan_junc^2|multi_exon_spanning^1445|other^1","","C1_A","chr21:","False","False","True",0.004,0.412,0.39,1,0,"cassette",0.39
"89","ENSG00000280441.3_1","ENSG00000280441.3","ENSG00000280441","chr21","+","ENSG00000280441.3:s:8405960-8406082","ENSG00000280441.3_1_MES_908","True","cassette^126|alt3^121|alt5^110|putative_alt5^1|alt3_5^140|mxe^927|ir^31|ale^7278|afe^7477|putative_ale^151|putative_afe^2039|orphan_junc^2|multi_exon_spanning^1445|other^1","","C1_A","chr21:","False","False","True",0,0.212,0.186,0.997,0.001,"cassette",0.186
"90","ENSG00000280441.3_1","ENSG00000280441.3","ENSG00000280441","chr21","+","ENSG00000280441.3:s:8414236-8414540","ENSG00000280441.3_1_MES_1003","True","cassette^126|alt3^121|alt5^110|putative_alt5^1|alt3_5^140|mxe^927|ir^31|ale^7278|afe^7477|putative_ale^151|putative_afe^2039|orphan_junc^2|multi_exon_spanning^1445|other^1","","C1_A","chr21:","False","False","True",0.004,0.379,0.346,1,0,"cassette",0.346
"91","ENSG00000280441.3_1","ENSG00000280441.3","ENSG00000280441","chr21","+","ENSG00000280441.3:s:8417866-8417871","ENSG00000280441.3_1_MES_1008","True","cassette^126|alt3^121|alt5^110|putative_alt5^1|alt3_5^140|mxe^927|ir^31|ale^7278|afe^7477|putative_ale^151|putative_afe^2039|orphan_junc^2|multi_exon_spanning^1445|other^1","","C1_A","chr21:","False","False","True",0.001,0.182,0.173,0.964,0.008,"cassette",0.173
"92","ENSG00000280441.3_1","ENSG00000280441.3","ENSG00000280441","chr21","+","ENSG00000280441.3:s:8421391-8421403","ENSG00000280441.3_1_MES_1032","True","cassette^126|alt3^121|alt5^110|putative_alt5^1|alt3_5^140|mxe^927|ir^31|ale^7278|afe^7477|putative_ale^151|putative_afe^2039|orphan_junc^2|multi_exon_spanning^1445|other^1","","C1_A","chr21:","False","False","True",0.002,0.248,0.216,1,0,"cassette",0.216
"93","ENSG00000280441.3_1","ENSG00000280441.3","ENSG00000280441","chr21","+","ENSG00000280441.3:s:8421852-8422482","ENSG00000280441.3_1_MES_1041","True","cassette^126|alt3^121|alt5^110|putative_alt5^1|alt3_5^140|mxe^927|ir^31|ale^7278|afe^7477|putative_ale^151|putative_afe^2039|orphan_junc^2|multi_exon_spanning^1445|other^1","","C1_A","chr21:","False","False","True",0,0.167,0.147,0.974,0.008,"cassette",0.147
"94","ENSG00000280441.3_1","ENSG00000280441.3","ENSG00000280441","chr21","+","ENSG00000280441.3:s:8425088-8425871","ENSG00000280441.3_1_MES_1057","True","cassette^126|alt3^121|alt5^110|putative_alt5^1|alt3_5^140|mxe^927|ir^31|ale^7278|afe^7477|putative_ale^151|putative_afe^2039|orphan_junc^2|multi_exon_spanning^1445|other^1","","C1_A","chr21:","False","False","True",0,0.199,0.171,1,0,"cassette",0.171
"95","ENSG00000280441.3_1","ENSG00000280441.3","ENSG00000280441","chr21","+","ENSG00000280441.3:s:8432971-8433230","ENSG00000280441.3_1_MES_1146","True","cassette^126|alt3^121|alt5^110|putative_alt5^1|alt3_5^140|mxe^927|ir^31|ale^7278|afe^7477|putative_ale^151|putative_afe^2039|orphan_junc^2|multi_exon_spanning^1445|other^1","","C1_A","chr21:","False","True","True",0,0.422,0.399,1,0,"cassette",0.399
"96","ENSG00000280441.3_1","ENSG00000280441.3","ENSG00000280441","chr21","+","ENSG00000280441.3:s:8434114-8434154","ENSG00000280441.3_1_MES_1182","True","cassette^126|alt3^121|alt5^110|putative_alt5^1|alt3_5^140|mxe^927|ir^31|ale^7278|afe^7477|putative_ale^151|putative_afe^2039|orphan_junc^2|multi_exon_spanning^1445|other^1","","C1_A","chr21:","False","False","True",0.001,0.21,0.172,0.981,0.005,"cassette",0.172
"97","ENSG00000280441.3_1","ENSG00000280441.3","ENSG00000280441","chr21","+","ENSG00000280441.3:s:8434114-8434154","ENSG00000280441.3_1_MES_1184","True","cassette^126|alt3^121|alt5^110|putative_alt5^1|alt3_5^140|mxe^927|ir^31|ale^7278|afe^7477|putative_ale^151|putative_afe^2039|orphan_junc^2|multi_exon_spanning^1445|other^1","","C1_A","chr21:","False","False","True",0.001,0.196,0.164,0.978,0.005,"cassette",0.164
"98","ENSG00000280441.3_1","ENSG00000280441.3","ENSG00000280441","chr21","+","ENSG00000280441.3:s:8435736-8435836","ENSG00000280441.3_1_MES_1223","True","cassette^126|alt3^121|alt5^110|putative_alt5^1|alt3_5^140|mxe^927|ir^31|ale^7278|afe^7477|putative_ale^151|putative_afe^2039|orphan_junc^2|multi_exon_spanning^1445|other^1","","C1_A","chr21:","False","False","True",0,0.214,0.185,0.981,0.004,"cassette",0.185
"99","ENSG00000280441.3_1","ENSG00000280441.3","ENSG00000280441","chr21","+","ENSG00000280441.3:s:8435906-8436150","ENSG00000280441.3_1_MES_1233","True","cassette^126|alt3^121|alt5^110|putative_alt5^1|alt3_5^140|mxe^927|ir^31|ale^7278|afe^7477|putative_ale^151|putative_afe^2039|orphan_junc^2|multi_exon_spanning^1445|other^1","","C1_A","chr21:","False","False","True",0.001,0.22,0.192,0.999,0,"cassette",0.192
"100","ENSG00000280441.3_1","ENSG00000280441.3","ENSG00000280441","chr21","+","ENSG00000280441.3:s:8438230-8438240","ENSG00000280441.3_1_MES_1283","True","cassette^126|alt3^121|alt5^110|putative_alt5^1|alt3_5^140|mxe^927|ir^31|ale^7278|afe^7477|putative_ale^151|putative_afe^2039|orphan_junc^2|multi_exon_spanning^1445|other^1","","C1_A","chr21:","False","False","True",0.017,0.23,0.198,0.992,0.001,"cassette",0.198
"101","ENSG00000280441.3_1","ENSG00000280441.3","ENSG00000280441","chr21","+","ENSG00000280441.3:s:8438291-8438392","ENSG00000280441.3_1_MES_1293","True","cassette^126|alt3^121|alt5^110|putative_alt5^1|alt3_5^140|mxe^927|ir^31|ale^7278|afe^7477|putative_ale^151|putative_afe^2039|orphan_junc^2|multi_exon_spanning^1445|other^1","","C1_A","chr21:","False","False","False",0.001,0.137,0.116,0.913,0.037,"cassette",0.116
"102","ENSG00000280441.3_1","ENSG00000280441.3","ENSG00000280441","chr21","+","ENSG00000280441.3:s:8438608-8438634","ENSG00000280441.3_1_MES_1307","True","cassette^126|alt3^121|alt5^110|putative_alt5^1|alt3_5^140|mxe^927|ir^31|ale^7278|afe^7477|putative_ale^151|putative_afe^2039|orphan_junc^2|multi_exon_spanning^1445|other^1","","C1_A","chr21:","False","False","True",0,0.539,0.517,1,0,"cassette",0.517
"103","ENSG00000280441.3_1","ENSG00000280441.3","ENSG00000280441","chr21","+","ENSG00000280441.3:s:8438702-8438711","ENSG00000280441.3_1_ale_3976","True","cassette^126|alt3^121|alt5^110|putative_alt5^1|alt3_5^140|mxe^927|ir^31|ale^7278|afe^7477|putative_ale^151|putative_afe^2039|orphan_junc^2|multi_exon_spanning^1445|other^1","True","Distal","chr21:8438711-8446017","False","False","True",0.024,0.172,0.139,0.955,0.014,"AFE/ALE",0.139
"104","ENSG00000280441.3_1","ENSG00000280441.3","ENSG00000280441","chr21","+","ENSG00000280441.3:s:8439531-8439712","ENSG00000280441.3_1_MES_1338","True","cassette^126|alt3^121|alt5^110|putative_alt5^1|alt3_5^140|mxe^927|ir^31|ale^7278|afe^7477|putative_ale^151|putative_afe^2039|orphan_junc^2|multi_exon_spanning^1445|other^1","","C1_A","chr21:","False","False","True",0.001,0.221,0.196,1,0,"cassette",0.196
"105","ENSG00000280441.3_1","ENSG00000280441.3","ENSG00000280441","chr21","+","ENSG00000280441.3:s:8440363-8440365","ENSG00000280441.3_1_MES_1365","True","cassette^126|alt3^121|alt5^110|putative_alt5^1|alt3_5^140|mxe^927|ir^31|ale^7278|afe^7477|putative_ale^151|putative_afe^2039|orphan_junc^2|multi_exon_spanning^1445|other^1","","C1_A","chr21:","False","False","True",0.026,0.18,0.147,0.974,0.007,"cassette",0.147
"106","ENSG00000280441.3_1","ENSG00000280441.3","ENSG00000280441","chr21","+","ENSG00000280441.3:s:8441996-8442011","ENSG00000280441.3_1_MES_1395","True","cassette^126|alt3^121|alt5^110|putative_alt5^1|alt3_5^140|mxe^927|ir^31|ale^7278|afe^7477|putative_ale^151|putative_afe^2039|orphan_junc^2|multi_exon_spanning^1445|other^1","","C1_A","chr21:","False","False","True",0.005,0.677,0.664,1,0,"cassette",0.664
"107","ENSG00000280441.3_1","ENSG00000280441.3","ENSG00000280441","chr21","+","ENSG00000280441.3:s:na-8390030","ENSG00000280441.3_1_ale_60","True","cassette^126|alt3^121|alt5^110|putative_alt5^1|alt3_5^140|mxe^927|ir^31|ale^7278|afe^7477|putative_ale^151|putative_afe^2039|orphan_junc^2|multi_exon_spanning^1445|other^1","True","Proximal","chr21:8390030-8392731","False","False","False",0.016,0.181,0.148,0.935,0.013,"AFE/ALE",0.148
"108","ENSG00000280441.3_1","ENSG00000280441.3","ENSG00000280441","chr21","+","ENSG00000280441.3:s:na-8408852","ENSG00000280441.3_1_ale_1574","True","cassette^126|alt3^121|alt5^110|putative_alt5^1|alt3_5^140|mxe^927|ir^31|ale^7278|afe^7477|putative_ale^151|putative_afe^2039|orphan_junc^2|multi_exon_spanning^1445|other^1","True","Distal","chr21:8408852-8438670","False","False","True",0,0.146,0.121,0.978,0.009,"AFE/ALE",0.121
"109","ENSG00000280441.3_1","ENSG00000280441.3","ENSG00000280441","chr21","+","ENSG00000280441.3:s:na-8424442","ENSG00000280441.3_1_ale_3372","True","cassette^126|alt3^121|alt5^110|putative_alt5^1|alt3_5^140|mxe^927|ir^31|ale^7278|afe^7477|putative_ale^151|putative_afe^2039|orphan_junc^2|multi_exon_spanning^1445|other^1","True","Distal","chr21:8424442-8441164","False","False","True",0.005,0.228,0.211,0.994,0.001,"AFE/ALE",0.211
"110","ENSG00000280441.3_1","ENSG00000280441.3","ENSG00000280441","chr21","+","ENSG00000280441.3:t:8392744-8392820","ENSG00000280441.3_1_afe_12","True","cassette^126|alt3^121|alt5^110|putative_alt5^1|alt3_5^140|mxe^927|ir^31|ale^7278|afe^7477|putative_ale^151|putative_afe^2039|orphan_junc^2|multi_exon_spanning^1445|other^1","True","Distal","chr21:8381868-8392744","False","False","True",0.001,0.173,0.153,0.966,0.01,"AFE/ALE",0.153
"111","ENSG00000280441.3_1","ENSG00000280441.3","ENSG00000280441","chr21","+","ENSG00000280441.3:t:8393085-8393117","ENSG00000280441.3_1_MES_6","True","cassette^126|alt3^121|alt5^110|putative_alt5^1|alt3_5^140|mxe^927|ir^31|ale^7278|afe^7477|putative_ale^151|putative_afe^2039|orphan_junc^2|multi_exon_spanning^1445|other^1","","A_C2","chr21:","False","False","True",0.001,0.299,0.284,0.951,0.005,"cassette",0.284
"112","ENSG00000280441.3_1","ENSG00000280441.3","ENSG00000280441","chr21","+","ENSG00000280441.3:t:8393122-8393174","ENSG00000280441.3_1_A3A5_3","True","cassette^126|alt3^121|alt5^110|putative_alt5^1|alt3_5^140|mxe^927|ir^31|ale^7278|afe^7477|putative_ale^151|putative_afe^2039|orphan_junc^2|multi_exon_spanning^1445|other^1","True","E2_E1_J1","chr21:8380762-8393160","False","False","True",0,0.24,0.208,0.969,0.005,"cassette",0.208
"113","ENSG00000280441.3_1","ENSG00000280441.3","ENSG00000280441","chr21","+","ENSG00000280441.3:t:8393122-8393174","ENSG00000280441.3_1_pAFE_404","True","cassette^126|alt3^121|alt5^110|putative_alt5^1|alt3_5^140|mxe^927|ir^31|ale^7278|afe^7477|putative_ale^151|putative_afe^2039|orphan_junc^2|multi_exon_spanning^1445|other^1","True","Proximal","chr21:8387690-8393140","False","False","False",0.034,0.208,0.168,0.939,0.009,"AFE/ALE",0.168
"114","ENSG00000280441.3_1","ENSG00000280441.3","ENSG00000280441","chr21","+","ENSG00000280441.3:t:8394435-8394598","ENSG00000280441.3_1_CE_13","True","cassette^126|alt3^121|alt5^110|putative_alt5^1|alt3_5^140|mxe^927|ir^31|ale^7278|afe^7477|putative_ale^151|putative_afe^2039|orphan_junc^2|multi_exon_spanning^1445|other^1","True","C2_C1","chr21:8387690-8394455","False","False","False",0,0.126,-0.111,0.921,0.036,"skipping",0.111
"115","ENSG00000280441.3_1","ENSG00000280441.3","ENSG00000280441","chr21","+","ENSG00000280441.3:t:8395616-8395625","ENSG00000280441.3_1_MES_39","True","cassette^126|alt3^121|alt5^110|putative_alt5^1|alt3_5^140|mxe^927|ir^31|ale^7278|afe^7477|putative_ale^151|putative_afe^2039|orphan_junc^2|multi_exon_spanning^1445|other^1","","A_C2","chr21:","False","False","True",0.021,0.21,0.171,0.975,0.005,"cassette",0.171
"116","ENSG00000280441.3_1","ENSG00000280441.3","ENSG00000280441","chr21","+","ENSG00000280441.3:t:8397299-8397303","ENSG00000280441.3_1_MES_280","True","cassette^126|alt3^121|alt5^110|putative_alt5^1|alt3_5^140|mxe^927|ir^31|ale^7278|afe^7477|putative_ale^151|putative_afe^2039|orphan_junc^2|multi_exon_spanning^1445|other^1","","A_C2","chr21:","False","False","True",0.001,0.273,0.256,1,0,"cassette",0.256
"117","ENSG00000280441.3_1","ENSG00000280441.3","ENSG00000280441","chr21","+","ENSG00000280441.3:t:8397299-8397303","ENSG00000280441.3_1_MES_45","True","cassette^126|alt3^121|alt5^110|putative_alt5^1|alt3_5^140|mxe^927|ir^31|ale^7278|afe^7477|putative_ale^151|putative_afe^2039|orphan_junc^2|multi_exon_spanning^1445|other^1","","A_C2","chr21:","False","False","True",0.001,0.203,0.171,0.995,0.001,"cassette",0.171
"118","ENSG00000280441.3_1","ENSG00000280441.3","ENSG00000280441","chr21","+","ENSG00000280441.3:t:8397832-8397876","ENSG00000280441.3_1_afe_1453","True","cassette^126|alt3^121|alt5^110|putative_alt5^1|alt3_5^140|mxe^927|ir^31|ale^7278|afe^7477|putative_ale^151|putative_afe^2039|orphan_junc^2|multi_exon_spanning^1445|other^1","True","Distal","chr21:8392991-8397834","False","False","False",0,0.134,0.114,0.944,0.025,"AFE/ALE",0.114
"119","ENSG00000280441.3_1","ENSG00000280441.3","ENSG00000280441","chr21","+","ENSG00000280441.3:t:8398310-8398337","ENSG00000280441.3_1_afe_1581","True","cassette^126|alt3^121|alt5^110|putative_alt5^1|alt3_5^140|mxe^927|ir^31|ale^7278|afe^7477|putative_ale^151|putative_afe^2039|orphan_junc^2|multi_exon_spanning^1445|other^1","True","Distal","chr21:8387690-8398310","False","False","False",0.001,0.148,0.125,0.939,0.022,"AFE/ALE",0.125
"120","ENSG00000280441.3_1","ENSG00000280441.3","ENSG00000280441","chr21","+","ENSG00000280441.3:t:8399180-8399237","ENSG00000280441.3_1_MES_71","True","cassette^126|alt3^121|alt5^110|putative_alt5^1|alt3_5^140|mxe^927|ir^31|ale^7278|afe^7477|putative_ale^151|putative_afe^2039|orphan_junc^2|multi_exon_spanning^1445|other^1","","A_C2","chr21:","False","False","True",0,0.203,0.187,1,0,"cassette",0.187
"121","ENSG00000280441.3_1","ENSG00000280441.3","ENSG00000280441","chr21","+","ENSG00000280441.3:t:8399253-8399284","ENSG00000280441.3_1_MES_21","True","cassette^126|alt3^121|alt5^110|putative_alt5^1|alt3_5^140|mxe^927|ir^31|ale^7278|afe^7477|putative_ale^151|putative_afe^2039|orphan_junc^2|multi_exon_spanning^1445|other^1","","A_C2","chr21:","False","False","True",0,0.212,0.206,0.984,0.003,"cassette",0.206
"122","ENSG00000280441.3_1","ENSG00000280441.3","ENSG00000280441","chr21","+","ENSG00000280441.3:t:8399752-8399760","ENSG00000280441.3_1_afe_1854","True","cassette^126|alt3^121|alt5^110|putative_alt5^1|alt3_5^140|mxe^927|ir^31|ale^7278|afe^7477|putative_ale^151|putative_afe^2039|orphan_junc^2|multi_exon_spanning^1445|other^1","True","Distal","chr21:8389991-8399752","False","False","True",0.019,0.195,0.167,0.987,0.003,"AFE/ALE",0.167
"123","ENSG00000280441.3_1","ENSG00000280441.3","ENSG00000280441","chr21","+","ENSG00000280441.3:t:8400399-8400441","ENSG00000280441.3_1_MES_442","True","cassette^126|alt3^121|alt5^110|putative_alt5^1|alt3_5^140|mxe^927|ir^31|ale^7278|afe^7477|putative_ale^151|putative_afe^2039|orphan_junc^2|multi_exon_spanning^1445|other^1","","A_C2","chr21:","False","False","True",0.036,0.171,0.151,0.999,0,"cassette",0.151
"124","ENSG00000280441.3_1","ENSG00000280441.3","ENSG00000280441","chr21","+","ENSG00000280441.3:t:8401040-8401047","ENSG00000280441.3_1_MES_690","True","cassette^126|alt3^121|alt5^110|putative_alt5^1|alt3_5^140|mxe^927|ir^31|ale^7278|afe^7477|putative_ale^151|putative_afe^2039|orphan_junc^2|multi_exon_spanning^1445|other^1","","A_C2","chr21:","False","False","True",0.001,0.287,0.26,1,0,"cassette",0.26
"125","ENSG00000280441.3_1","ENSG00000280441.3","ENSG00000280441","chr21","+","ENSG00000280441.3:t:8401146-8401150","ENSG00000280441.3_1_MES_191","True","cassette^126|alt3^121|alt5^110|putative_alt5^1|alt3_5^140|mxe^927|ir^31|ale^7278|afe^7477|putative_ale^151|putative_afe^2039|orphan_junc^2|multi_exon_spanning^1445|other^1","","A_C2","chr21:","False","False","True",0.013,0.237,0.196,0.966,0.004,"cassette",0.196
"126","ENSG00000280441.3_1","ENSG00000280441.3","ENSG00000280441","chr21","+","ENSG00000280441.3:t:8401146-8401150","ENSG00000280441.3_1_MES_633","True","cassette^126|alt3^121|alt5^110|putative_alt5^1|alt3_5^140|mxe^927|ir^31|ale^7278|afe^7477|putative_ale^151|putative_afe^2039|orphan_junc^2|multi_exon_spanning^1445|other^1","","A_C2","chr21:","False","False","False",0.003,0.157,0.128,0.932,0.025,"cassette",0.128
"127","ENSG00000280441.3_1","ENSG00000280441.3","ENSG00000280441","chr21","+","ENSG00000280441.3:t:8406184-8407253","ENSG00000280441.3_1_MES_655","True","cassette^126|alt3^121|alt5^110|putative_alt5^1|alt3_5^140|mxe^927|ir^31|ale^7278|afe^7477|putative_ale^151|putative_afe^2039|orphan_junc^2|multi_exon_spanning^1445|other^1","","A_C2","chr21:","False","False","True",0.001,0.185,0.159,0.993,0.002,"cassette",0.159
"128","ENSG00000280441.3_1","ENSG00000280441.3","ENSG00000280441","chr21","+","ENSG00000280441.3:t:8406184-8407253","ENSG00000280441.3_1_MES_656","True","cassette^126|alt3^121|alt5^110|putative_alt5^1|alt3_5^140|mxe^927|ir^31|ale^7278|afe^7477|putative_ale^151|putative_afe^2039|orphan_junc^2|multi_exon_spanning^1445|other^1","","A_C2","chr21:","False","False","True",0.024,0.279,0.259,1,0,"cassette",0.259
"129","ENSG00000280441.3_1","ENSG00000280441.3","ENSG00000280441","chr21","+","ENSG00000280441.3:t:8436839-8436874","ENSG00000280441.3_1_MES_93","True","cassette^126|alt3^121|alt5^110|putative_alt5^1|alt3_5^140|mxe^927|ir^31|ale^7278|afe^7477|putative_ale^151|putative_afe^2039|orphan_junc^2|multi_exon_spanning^1445|other^1","","A_C2","chr21:","False","False","True",0.002,0.252,0.224,1,0,"cassette",0.224
"130","ENSG00000280441.3_1","ENSG00000280441.3","ENSG00000280441","chr21","+","ENSG00000280441.3:t:8437101-8437123","ENSG00000280441.3_1_MES_863","True","cassette^126|alt3^121|alt5^110|putative_alt5^1|alt3_5^140|mxe^927|ir^31|ale^7278|afe^7477|putative_ale^151|putative_afe^2039|orphan_junc^2|multi_exon_spanning^1445|other^1","","A_C2","chr21:","False","False","False",0,0.137,0.123,0.933,0.018,"cassette",0.123
"131","ENSG00000280441.3_1","ENSG00000280441.3","ENSG00000280441","chr21","+","ENSG00000280441.3:t:8437834-8437918","ENSG00000280441.3_1_MES_845","True","cassette^126|alt3^121|alt5^110|putative_alt5^1|alt3_5^140|mxe^927|ir^31|ale^7278|afe^7477|putative_ale^151|putative_afe^2039|orphan_junc^2|multi_exon_spanning^1445|other^1","","A_C2","chr21:","False","False","False",0.027,0.178,0.135,0.913,0.021,"cassette",0.135
"132","ENSG00000280441.3_1","ENSG00000280441.3","ENSG00000280441","chr21","+","ENSG00000280441.3:t:8438260-8438265","ENSG00000280441.3_1_MES_849","True","cassette^126|alt3^121|alt5^110|putative_alt5^1|alt3_5^140|mxe^927|ir^31|ale^7278|afe^7477|putative_ale^151|putative_afe^2039|orphan_junc^2|multi_exon_spanning^1445|other^1","","A_C2","chr21:","False","False","True",0.034,0.665,0.634,1,0,"cassette",0.634
"133","ENSG00000280441.3_1","ENSG00000280441.3","ENSG00000280441","chr21","+","ENSG00000280441.3:t:8438541-8438601","ENSG00000280441.3_1_MES_852","True","cassette^126|alt3^121|alt5^110|putative_alt5^1|alt3_5^140|mxe^927|ir^31|ale^7278|afe^7477|putative_ale^151|putative_afe^2039|orphan_junc^2|multi_exon_spanning^1445|other^1","","A_C2","chr21:","False","False","True",0.003,0.184,0.157,0.994,0.002,"cassette",0.157
"134","ENSG00000280441.3_1","ENSG00000280441.3","ENSG00000280441","chr21","+","ENSG00000280441.3:t:8441076-8441151","ENSG00000280441.3_1_MES_1335","True","cassette^126|alt3^121|alt5^110|putative_alt5^1|alt3_5^140|mxe^927|ir^31|ale^7278|afe^7477|putative_ale^151|putative_afe^2039|orphan_junc^2|multi_exon_spanning^1445|other^1","","A_C2","chr21:","False","False","True",0.038,0.278,0.253,0.994,0.001,"cassette",0.253
"135","ENSG00000280441.3_1","ENSG00000280441.3","ENSG00000280441","chr21","+","ENSG00000280441.3:t:8441152-8441163","ENSG00000280441.3_1_MES_784","True","cassette^126|alt3^121|alt5^110|putative_alt5^1|alt3_5^140|mxe^927|ir^31|ale^7278|afe^7477|putative_ale^151|putative_afe^2039|orphan_junc^2|multi_exon_spanning^1445|other^1","","A_C2","chr21:","False","False","True",0.013,0.148,0.123,1,0,"cassette",0.123
"136","ENSG00000280441.3_1","ENSG00000280441.3","ENSG00000280441","chr21","+","ENSG00000280441.3:t:8442147-8442173","ENSG00000280441.3_1_MES_457","True","cassette^126|alt3^121|alt5^110|putative_alt5^1|alt3_5^140|mxe^927|ir^31|ale^7278|afe^7477|putative_ale^151|putative_afe^2039|orphan_junc^2|multi_exon_spanning^1445|other^1","","A_C2","chr21:","False","False","True",0.041,0.305,0.262,1,0,"cassette",0.262
"137","ENSG00000280441.3_1","ENSG00000280441.3","ENSG00000280441","chr21","+","ENSG00000280441.3:t:8442242-8442245","ENSG00000280441.3_1_MES_1103","True","cassette^126|alt3^121|alt5^110|putative_alt5^1|alt3_5^140|mxe^927|ir^31|ale^7278|afe^7477|putative_ale^151|putative_afe^2039|orphan_junc^2|multi_exon_spanning^1445|other^1","","A_C2","chr21:","False","False","True",0.048,0.519,0.395,0.991,0,"cassette",0.395
"138","ENSG00000280441.3_1","ENSG00000280441.3","ENSG00000280441","chr21","+","ENSG00000280441.3:t:8442326-8442339","ENSG00000280441.3_1_CE_123","True","cassette^126|alt3^121|alt5^110|putative_alt5^1|alt3_5^140|mxe^927|ir^31|ale^7278|afe^7477|putative_ale^151|putative_afe^2039|orphan_junc^2|multi_exon_spanning^1445|other^1","True","C2_A","chr21:8442173-8442331","False","False","True",0.033,0.185,0.146,0.97,0.009,"cassette",0.146
"139","ENSG00000280441.3_1","ENSG00000280441.3","ENSG00000280441","chr21","+","ENSG00000280441.3:t:8442369-8442373","ENSG00000280441.3_1_MES_1278","True","cassette^126|alt3^121|alt5^110|putative_alt5^1|alt3_5^140|mxe^927|ir^31|ale^7278|afe^7477|putative_ale^151|putative_afe^2039|orphan_junc^2|multi_exon_spanning^1445|other^1","","A_C2","chr21:","False","False","True",0.029,0.127,0.102,0.972,0.014,"cassette",0.102
"140","ENSG00000280441.3_1","ENSG00000280441.3","ENSG00000280441","chr21","+","ENSG00000280441.3:t:8442377-8442428","ENSG00000280441.3_1_MES_1216","True","cassette^126|alt3^121|alt5^110|putative_alt5^1|alt3_5^140|mxe^927|ir^31|ale^7278|afe^7477|putative_ale^151|putative_afe^2039|orphan_junc^2|multi_exon_spanning^1445|other^1","","A_C2","chr21:","False","False","True",0,0.169,0.147,1,0,"cassette",0.147
"141","ENSG00000280441.3_1","ENSG00000280441.3","ENSG00000280441","chr21","+","ENSG00000280441.3:t:8443855-8444124","ENSG00000280441.3_1_afe_2416","True","cassette^126|alt3^121|alt5^110|putative_alt5^1|alt3_5^140|mxe^927|ir^31|ale^7278|afe^7477|putative_ale^151|putative_afe^2039|orphan_junc^2|multi_exon_spanning^1445|other^1","True","Proximal","chr21:8433176-8443902","False","False","True",0,0.393,0.366,1,0,"AFE/ALE",0.366
"142","ENSG00000280441.3_1","ENSG00000280441.3","ENSG00000280441","chr21","+","ENSG00000280441.3:t:8444490-8444611","ENSG00000280441.3_1_MES_953","True","cassette^126|alt3^121|alt5^110|putative_alt5^1|alt3_5^140|mxe^927|ir^31|ale^7278|afe^7477|putative_ale^151|putative_afe^2039|orphan_junc^2|multi_exon_spanning^1445|other^1","","A_C2","chr21:","False","False","False",0.002,0.155,0.124,0.936,0.025,"cassette",0.124
"143","ENSG00000280441.3_1","ENSG00000280441.3","ENSG00000280441","chr21","+","ENSG00000280441.3:t:8444825-8444885","ENSG00000280441.3_1_MES_1231","True","cassette^126|alt3^121|alt5^110|putative_alt5^1|alt3_5^140|mxe^927|ir^31|ale^7278|afe^7477|putative_ale^151|putative_afe^2039|orphan_junc^2|multi_exon_spanning^1445|other^1","","A_C2","chr21:","False","False","True",0,0.213,0.187,0.971,0.005,"cassette",0.187
"144","ENSG00000280441.3_1","ENSG00000280441.3","ENSG00000280441","chr21","+","ENSG00000280441.3:t:8445147-8445160","ENSG00000280441.3_1_MES_1332","True","cassette^126|alt3^121|alt5^110|putative_alt5^1|alt3_5^140|mxe^927|ir^31|ale^7278|afe^7477|putative_ale^151|putative_afe^2039|orphan_junc^2|multi_exon_spanning^1445|other^1","","A_C2","chr21:","False","False","True",0.008,0.31,0.292,0.997,0,"cassette",0.292
"145","ENSG00000280441.3_1","ENSG00000280441.3","ENSG00000280441","chr21","+","ENSG00000280441.3:t:8445272-8445372","ENSG00000280441.3_1_mxe_863","True","cassette^126|alt3^121|alt5^110|putative_alt5^1|alt3_5^140|mxe^927|ir^31|ale^7278|afe^7477|putative_ale^151|putative_afe^2039|orphan_junc^2|multi_exon_spanning^1445|other^1","True","C2_A1","chr21:8402787-8445301","False","False","True",0.001,0.165,0.142,1,0,"cassette",0.142
"146","ENSG00000282885.2_1","ENSG00000282885.2","ENSG00000282885","chr14","-","ENSG00000282885.2:s:49864071-49864326","ENSG00000282885.2_1_A3A5_26","True","alt3^5|alt5^10|alt3_5^31|afe^45","True","E1_E2_J2","chr14:49862799-49864144","False","False","True",0,0.164,0.138,0.981,0.007,"cassette",0.138
"147","ENSG00000288700.2_2","ENSG00000288700.2","ENSG00000288700","chr3","+","ENSG00000288700.2:s:na-134783554","ENSG00000288700.2_2_OR_1","True","orphan_junc^3","True","Orphan","chr3:134783554-134787002","False","False","False",0.046,0.186,0.139,0.944,0.016,"cassette",0.139
"148","ENSG00000288700.2_2","ENSG00000288700.2","ENSG00000288700","chr3","+","ENSG00000288700.2:s:na-134783554","ENSG00000288700.2_2_OR_3","True","orphan_junc^3","True","Orphan","chr3:134783554-134828983","False","False","True",0.014,0.528,0.514,1,0,"cassette",0.514
