sample	group	guide_group_actual	guide_group	bio_group	layout	orig_filename	orig_filename_R2
sg100_N_TDP43kd_1_L1	TDP43kd	sg100_N_TDP43kd	sg100	sg100_N_TDP43kd_1	PE	/data/CARD_ARDIS/TDP43kdRNAseq/NovaSeq221007notrebalanced_JR7961/JR-7961_1_S1_L001_R1_001.fastq.gz	/data/CARD_ARDIS/TDP43kdRNAseq/NovaSeq221007notrebalanced_JR7961/JR-7961_1_S1_L001_R2_001.fastq.gz
sg100_N_TDP43kd_1_L2	TDP43kd	sg100_N_TDP43kd	sg100	sg100_N_TDP43kd_1	PE	/data/CARD_ARDIS/TDP43kdRNAseq/NovaSeq221007notrebalanced_JR7961/JR-7961_1_S1_L002_R1_001.fastq.gz	/data/CARD_ARDIS/TDP43kdRNAseq/NovaSeq221007notrebalanced_JR7961/JR-7961_1_S1_L002_R2_001.fastq.gz
sg100_N_TDP43kd_2_L1	TDP43kd	sg100_N_TDP43kd	sg100	sg100_N_TDP43kd_2	PE	/data/CARD_ARDIS/TDP43kdRNAseq/NovaSeq221007notrebalanced_JR7961/JR-7961_2_S2_L001_R1_001.fastq.gz	/data/CARD_ARDIS/TDP43kdRNAseq/NovaSeq221007notrebalanced_JR7961/JR-7961_2_S2_L001_R2_001.fastq.gz
sg100_N_TDP43kd_2_L2	TDP43kd	sg100_N_TDP43kd	sg100	sg100_N_TDP43kd_2	PE	/data/CARD_ARDIS/TDP43kdRNAseq/NovaSeq221007notrebalanced_JR7961/JR-7961_2_S2_L002_R1_001.fastq.gz	/data/CARD_ARDIS/TDP43kdRNAseq/NovaSeq221007notrebalanced_JR7961/JR-7961_2_S2_L002_R2_001.fastq.gz
sg100_N_TDP43kd_3_L1	TDP43kd	sg100_N_TDP43kd	sg100	sg100_N_TDP43kd_3	PE	/data/CARD_ARDIS/TDP43kdRNAseq/NovaSeq221007notrebalanced_JR7961/JR-7961_3_S3_L001_R1_001.fastq.gz	/data/CARD_ARDIS/TDP43kdRNAseq/NovaSeq221007notrebalanced_JR7961/JR-7961_3_S3_L001_R2_001.fastq.gz
sg100_N_TDP43kd_3_L2	TDP43kd	sg100_N_TDP43kd	sg100	sg100_N_TDP43kd_3	PE	/data/CARD_ARDIS/TDP43kdRNAseq/NovaSeq221007notrebalanced_JR7961/JR-7961_3_S3_L002_R1_001.fastq.gz	/data/CARD_ARDIS/TDP43kdRNAseq/NovaSeq221007notrebalanced_JR7961/JR-7961_3_S3_L002_R2_001.fastq.gz
sg100_N_TDP43kd_4_L1	TDP43kd	sg100_N_TDP43kd	sg100	sg100_N_TDP43kd_4	PE	/data/CARD_ARDIS/TDP43kdRNAseq/NovaSeq221007notrebalanced_JR7961/JR-7961_4_S4_L001_R1_001.fastq.gz	/data/CARD_ARDIS/TDP43kdRNAseq/NovaSeq221007notrebalanced_JR7961/JR-7961_4_S4_L001_R2_001.fastq.gz
sg100_N_TDP43kd_4_L2	TDP43kd	sg100_N_TDP43kd	sg100	sg100_N_TDP43kd_4	PE	/data/CARD_ARDIS/TDP43kdRNAseq/NovaSeq221007notrebalanced_JR7961/JR-7961_4_S4_L002_R1_001.fastq.gz	/data/CARD_ARDIS/TDP43kdRNAseq/NovaSeq221007notrebalanced_JR7961/JR-7961_4_S4_L002_R2_001.fastq.gz
sg100_N_TDP43kd_5_L1	TDP43kd	sg100_N_TDP43kd	sg100	sg100_N_TDP43kd_5	PE	/data/CARD_ARDIS/TDP43kdRNAseq/NovaSeq221007notrebalanced_JR7961/JR-7961_5_S5_L001_R1_001.fastq.gz	/data/CARD_ARDIS/TDP43kdRNAseq/NovaSeq221007notrebalanced_JR7961/JR-7961_5_S5_L001_R2_001.fastq.gz
sg100_N_TDP43kd_5_L2	TDP43kd	sg100_N_TDP43kd	sg100	sg100_N_TDP43kd_5	PE	/data/CARD_ARDIS/TDP43kdRNAseq/NovaSeq221007notrebalanced_JR7961/JR-7961_5_S5_L002_R1_001.fastq.gz	/data/CARD_ARDIS/TDP43kdRNAseq/NovaSeq221007notrebalanced_JR7961/JR-7961_5_S5_L002_R2_001.fastq.gz
sg100_S_TDP43kd_6_L1	TDP43kd	sg100_S_TDP43kd	sg100	sg100_S_TDP43kd_6	PE	/data/CARD_ARDIS/TDP43kdRNAseq/NovaSeq221007notrebalanced_JR7961/JR-7961_6_S6_L001_R1_001.fastq.gz	/data/CARD_ARDIS/TDP43kdRNAseq/NovaSeq221007notrebalanced_JR7961/JR-7961_6_S6_L001_R2_001.fastq.gz
sg100_S_TDP43kd_6_L2	TDP43kd	sg100_S_TDP43kd	sg100	sg100_S_TDP43kd_6	PE	/data/CARD_ARDIS/TDP43kdRNAseq/NovaSeq221007notrebalanced_JR7961/JR-7961_6_S6_L002_R1_001.fastq.gz	/data/CARD_ARDIS/TDP43kdRNAseq/NovaSeq221007notrebalanced_JR7961/JR-7961_6_S6_L002_R2_001.fastq.gz
sg100_S_TDP43kd_7_L1	TDP43kd	sg100_S_TDP43kd	sg100	sg100_S_TDP43kd_7	PE	/data/CARD_ARDIS/TDP43kdRNAseq/NovaSeq221007notrebalanced_JR7961/JR-7961_7_S7_L001_R1_001.fastq.gz	/data/CARD_ARDIS/TDP43kdRNAseq/NovaSeq221007notrebalanced_JR7961/JR-7961_7_S7_L001_R2_001.fastq.gz
sg100_S_TDP43kd_7_L2	TDP43kd	sg100_S_TDP43kd	sg100	sg100_S_TDP43kd_7	PE	/data/CARD_ARDIS/TDP43kdRNAseq/NovaSeq221007notrebalanced_JR7961/JR-7961_7_S7_L002_R1_001.fastq.gz	/data/CARD_ARDIS/TDP43kdRNAseq/NovaSeq221007notrebalanced_JR7961/JR-7961_7_S7_L002_R2_001.fastq.gz
sg100_S_TDP43kd_8_L1	TDP43kd	sg100_S_TDP43kd	sg100	sg100_S_TDP43kd_8	PE	/data/CARD_ARDIS/TDP43kdRNAseq/NovaSeq221007notrebalanced_JR7961/JR-7961_8_S8_L001_R1_001.fastq.gz	/data/CARD_ARDIS/TDP43kdRNAseq/NovaSeq221007notrebalanced_JR7961/JR-7961_8_S8_L001_R2_001.fastq.gz
sg100_S_TDP43kd_8_L2	TDP43kd	sg100_S_TDP43kd	sg100	sg100_S_TDP43kd_8	PE	/data/CARD_ARDIS/TDP43kdRNAseq/NovaSeq221007notrebalanced_JR7961/JR-7961_8_S8_L002_R1_001.fastq.gz	/data/CARD_ARDIS/TDP43kdRNAseq/NovaSeq221007notrebalanced_JR7961/JR-7961_8_S8_L002_R2_001.fastq.gz
sg100_S_TDP43kd_9_L1	TDP43kd	sg100_S_TDP43kd	sg100	sg100_S_TDP43kd_9	PE	/data/CARD_ARDIS/TDP43kdRNAseq/NovaSeq221007notrebalanced_JR7961/JR-7961_9_S9_L001_R1_001.fastq.gz	/data/CARD_ARDIS/TDP43kdRNAseq/NovaSeq221007notrebalanced_JR7961/JR-7961_9_S9_L001_R2_001.fastq.gz
sg100_S_TDP43kd_9_L2	TDP43kd	sg100_S_TDP43kd	sg100	sg100_S_TDP43kd_9	PE	/data/CARD_ARDIS/TDP43kdRNAseq/NovaSeq221007notrebalanced_JR7961/JR-7961_9_S9_L002_R1_001.fastq.gz	/data/CARD_ARDIS/TDP43kdRNAseq/NovaSeq221007notrebalanced_JR7961/JR-7961_9_S9_L002_R2_001.fastq.gz
sg100_S_TDP43kd_10_L1	TDP43kd	sg100_S_TDP43kd	sg100	sg100_S_TDP43kd_10	PE	/data/CARD_ARDIS/TDP43kdRNAseq/NovaSeq221007notrebalanced_JR7961/JR-7961_10_S10_L001_R1_001.fastq.gz	/data/CARD_ARDIS/TDP43kdRNAseq/NovaSeq221007notrebalanced_JR7961/JR-7961_10_S10_L001_R2_001.fastq.gz
sg100_S_TDP43kd_10_L2	TDP43kd	sg100_S_TDP43kd	sg100	sg100_S_TDP43kd_10	PE	/data/CARD_ARDIS/TDP43kdRNAseq/NovaSeq221007notrebalanced_JR7961/JR-7961_10_S10_L002_R1_001.fastq.gz	/data/CARD_ARDIS/TDP43kdRNAseq/NovaSeq221007notrebalanced_JR7961/JR-7961_10_S10_L002_R2_001.fastq.gz
sg200_N_TDP43kd_11_L1	TDP43kd	sg200_N_TDP43kd	sg200	sg200_N_TDP43kd_11	PE	/data/CARD_ARDIS/TDP43kdRNAseq/NovaSeq221007notrebalanced_JR7961/JR-7961_11_S11_L001_R1_001.fastq.gz	/data/CARD_ARDIS/TDP43kdRNAseq/NovaSeq221007notrebalanced_JR7961/JR-7961_11_S11_L001_R2_001.fastq.gz
sg200_N_TDP43kd_11_L2	TDP43kd	sg200_N_TDP43kd	sg200	sg200_N_TDP43kd_11	PE	/data/CARD_ARDIS/TDP43kdRNAseq/NovaSeq221007notrebalanced_JR7961/JR-7961_11_S11_L002_R1_001.fastq.gz	/data/CARD_ARDIS/TDP43kdRNAseq/NovaSeq221007notrebalanced_JR7961/JR-7961_11_S11_L002_R2_001.fastq.gz
sg200_N_TDP43kd_12_L1	TDP43kd	sg200_N_TDP43kd	sg200	sg200_N_TDP43kd_12	PE	/data/CARD_ARDIS/TDP43kdRNAseq/NovaSeq221007notrebalanced_JR7961/JR-7961_12_S12_L001_R1_001.fastq.gz	/data/CARD_ARDIS/TDP43kdRNAseq/NovaSeq221007notrebalanced_JR7961/JR-7961_12_S12_L001_R2_001.fastq.gz
sg200_N_TDP43kd_12_L2	TDP43kd	sg200_N_TDP43kd	sg200	sg200_N_TDP43kd_12	PE	/data/CARD_ARDIS/TDP43kdRNAseq/NovaSeq221007notrebalanced_JR7961/JR-7961_12_S12_L002_R1_001.fastq.gz	/data/CARD_ARDIS/TDP43kdRNAseq/NovaSeq221007notrebalanced_JR7961/JR-7961_12_S12_L002_R2_001.fastq.gz
sg200_N_TDP43kd_13_L1	TDP43kd	sg200_N_TDP43kd	sg200	sg200_N_TDP43kd_13	PE	/data/CARD_ARDIS/TDP43kdRNAseq/NovaSeq221007notrebalanced_JR7961/JR-7961_13_S13_L001_R1_001.fastq.gz	/data/CARD_ARDIS/TDP43kdRNAseq/NovaSeq221007notrebalanced_JR7961/JR-7961_13_S13_L001_R2_001.fastq.gz
sg200_N_TDP43kd_13_L2	TDP43kd	sg200_N_TDP43kd	sg200	sg200_N_TDP43kd_13	PE	/data/CARD_ARDIS/TDP43kdRNAseq/NovaSeq221007notrebalanced_JR7961/JR-7961_13_S13_L002_R1_001.fastq.gz	/data/CARD_ARDIS/TDP43kdRNAseq/NovaSeq221007notrebalanced_JR7961/JR-7961_13_S13_L002_R2_001.fastq.gz
sg200_N_TDP43kd_14_L1	TDP43kd	sg200_N_TDP43kd	sg200	sg200_N_TDP43kd_14	PE	/data/CARD_ARDIS/TDP43kdRNAseq/NovaSeq221007notrebalanced_JR7961/JR-7961_14_S14_L001_R1_001.fastq.gz	/data/CARD_ARDIS/TDP43kdRNAseq/NovaSeq221007notrebalanced_JR7961/JR-7961_14_S14_L001_R2_001.fastq.gz
sg200_N_TDP43kd_14_L2	TDP43kd	sg200_N_TDP43kd	sg200	sg200_N_TDP43kd_14	PE	/data/CARD_ARDIS/TDP43kdRNAseq/NovaSeq221007notrebalanced_JR7961/JR-7961_14_S14_L002_R1_001.fastq.gz	/data/CARD_ARDIS/TDP43kdRNAseq/NovaSeq221007notrebalanced_JR7961/JR-7961_14_S14_L002_R2_001.fastq.gz
sg200_N_TDP43kd_15_L1	TDP43kd	sg200_N_TDP43kd	sg200	sg200_N_TDP43kd_15	PE	/data/CARD_ARDIS/TDP43kdRNAseq/NovaSeq221007notrebalanced_JR7961/JR-7961_15_S15_L001_R1_001.fastq.gz	/data/CARD_ARDIS/TDP43kdRNAseq/NovaSeq221007notrebalanced_JR7961/JR-7961_15_S15_L001_R2_001.fastq.gz
sg200_N_TDP43kd_15_L2	TDP43kd	sg200_N_TDP43kd	sg200	sg200_N_TDP43kd_15	PE	/data/CARD_ARDIS/TDP43kdRNAseq/NovaSeq221007notrebalanced_JR7961/JR-7961_15_S15_L002_R1_001.fastq.gz	/data/CARD_ARDIS/TDP43kdRNAseq/NovaSeq221007notrebalanced_JR7961/JR-7961_15_S15_L002_R2_001.fastq.gz
sg200_S_TDP43kd_16_L1	TDP43kd	sg200_S_TDP43kd	sg200	sg200_S_TDP43kd_16	PE	/data/CARD_ARDIS/TDP43kdRNAseq/NovaSeq221007notrebalanced_JR7961/JR-7961_16_S16_L001_R1_001.fastq.gz	/data/CARD_ARDIS/TDP43kdRNAseq/NovaSeq221007notrebalanced_JR7961/JR-7961_16_S16_L001_R2_001.fastq.gz
sg200_S_TDP43kd_16_L2	TDP43kd	sg200_S_TDP43kd	sg200	sg200_S_TDP43kd_16	PE	/data/CARD_ARDIS/TDP43kdRNAseq/NovaSeq221007notrebalanced_JR7961/JR-7961_16_S16_L002_R1_001.fastq.gz	/data/CARD_ARDIS/TDP43kdRNAseq/NovaSeq221007notrebalanced_JR7961/JR-7961_16_S16_L002_R2_001.fastq.gz
sg200_S_TDP43kd_17_L1	TDP43kd	sg200_S_TDP43kd	sg200	sg200_S_TDP43kd_17	PE	/data/CARD_ARDIS/TDP43kdRNAseq/NovaSeq221007notrebalanced_JR7961/JR-7961_17_S17_L001_R1_001.fastq.gz	/data/CARD_ARDIS/TDP43kdRNAseq/NovaSeq221007notrebalanced_JR7961/JR-7961_17_S17_L001_R2_001.fastq.gz
sg200_S_TDP43kd_17_L2	TDP43kd	sg200_S_TDP43kd	sg200	sg200_S_TDP43kd_17	PE	/data/CARD_ARDIS/TDP43kdRNAseq/NovaSeq221007notrebalanced_JR7961/JR-7961_17_S17_L002_R1_001.fastq.gz	/data/CARD_ARDIS/TDP43kdRNAseq/NovaSeq221007notrebalanced_JR7961/JR-7961_17_S17_L002_R2_001.fastq.gz
sg200_S_TDP43kd_18_L1	TDP43kd	sg200_S_TDP43kd	sg200	sg200_S_TDP43kd_18	PE	/data/CARD_ARDIS/TDP43kdRNAseq/NovaSeq221007notrebalanced_JR7961/JR-7961_18_S18_L001_R1_001.fastq.gz	/data/CARD_ARDIS/TDP43kdRNAseq/NovaSeq221007notrebalanced_JR7961/JR-7961_18_S18_L001_R2_001.fastq.gz
sg200_S_TDP43kd_18_L2	TDP43kd	sg200_S_TDP43kd	sg200	sg200_S_TDP43kd_18	PE	/data/CARD_ARDIS/TDP43kdRNAseq/NovaSeq221007notrebalanced_JR7961/JR-7961_18_S18_L002_R1_001.fastq.gz	/data/CARD_ARDIS/TDP43kdRNAseq/NovaSeq221007notrebalanced_JR7961/JR-7961_18_S18_L002_R2_001.fastq.gz
sg200_S_TDP43kd_19_L1	TDP43kd	sg200_S_TDP43kd	sg200	sg200_S_TDP43kd_19	PE	/data/CARD_ARDIS/TDP43kdRNAseq/NovaSeq221007notrebalanced_JR7961/JR-7961_19_S19_L001_R1_001.fastq.gz	/data/CARD_ARDIS/TDP43kdRNAseq/NovaSeq221007notrebalanced_JR7961/JR-7961_19_S19_L001_R2_001.fastq.gz
sg200_S_TDP43kd_19_L2	TDP43kd	sg200_S_TDP43kd	sg200	sg200_S_TDP43kd_19	PE	/data/CARD_ARDIS/TDP43kdRNAseq/NovaSeq221007notrebalanced_JR7961/JR-7961_19_S19_L002_R1_001.fastq.gz	/data/CARD_ARDIS/TDP43kdRNAseq/NovaSeq221007notrebalanced_JR7961/JR-7961_19_S19_L002_R2_001.fastq.gz
sg200_S_TDP43kd_20_L1	TDP43kd	sg200_S_TDP43kd	sg200	sg200_S_TDP43kd_20	PE	/data/CARD_ARDIS/TDP43kdRNAseq/NovaSeq221007notrebalanced_JR7961/JR-7961_20_S20_L001_R1_001.fastq.gz	/data/CARD_ARDIS/TDP43kdRNAseq/NovaSeq221007notrebalanced_JR7961/JR-7961_20_S20_L001_R2_001.fastq.gz
sg200_S_TDP43kd_20_L2	TDP43kd	sg200_S_TDP43kd	sg200	sg200_S_TDP43kd_20	PE	/data/CARD_ARDIS/TDP43kdRNAseq/NovaSeq221007notrebalanced_JR7961/JR-7961_20_S20_L002_R1_001.fastq.gz	/data/CARD_ARDIS/TDP43kdRNAseq/NovaSeq221007notrebalanced_JR7961/JR-7961_20_S20_L002_R2_001.fastq.gz
sg100_S_TDP43kd_10_B2	TDP43kd	sg100_S_TDP43kd	sg100	sg100_S_TDP43kd_10	PE	/data/CARD_ARDIS/TDP43kdRNAseq/NovaSeq221007notrebalanced_JR7961/sample1320/JR-7961_New/JR-7961_10_S10_L001_R1_001.fastq.gz	/data/CARD_ARDIS/TDP43kdRNAseq/NovaSeq221007notrebalanced_JR7961/sample1320/JR-7961_New/JR-7961_10_S10_L001_R2_001.fastq.gz
sg200_N_TDP43kd_11_B2	TDP43kd	sg200_N_TDP43kd	sg200	sg200_N_TDP43kd_11	PE	/data/CARD_ARDIS/TDP43kdRNAseq/NovaSeq221007notrebalanced_JR7961/sample1320/JR-7961_New/JR-7961_11_S11_L001_R1_001.fastq.gz	/data/CARD_ARDIS/TDP43kdRNAseq/NovaSeq221007notrebalanced_JR7961/sample1320/JR-7961_New/JR-7961_11_S11_L001_R2_001.fastq.gz
sg200_N_TDP43kd_12_B2	TDP43kd	sg200_N_TDP43kd	sg200	sg200_N_TDP43kd_12	PE	/data/CARD_ARDIS/TDP43kdRNAseq/NovaSeq221007notrebalanced_JR7961/sample1320/JR-7961_New/JR-7961_12_S12_L001_R1_001.fastq.gz	/data/CARD_ARDIS/TDP43kdRNAseq/NovaSeq221007notrebalanced_JR7961/sample1320/JR-7961_New/JR-7961_12_S12_L001_R2_001.fastq.gz
sg200_N_TDP43kd_13_B2	TDP43kd	sg200_N_TDP43kd	sg200	sg200_N_TDP43kd_13	PE	/data/CARD_ARDIS/TDP43kdRNAseq/NovaSeq221007notrebalanced_JR7961/sample1320/JR-7961_New/JR-7961_13_S13_L001_R1_001.fastq.gz	/data/CARD_ARDIS/TDP43kdRNAseq/NovaSeq221007notrebalanced_JR7961/sample1320/JR-7961_New/JR-7961_13_S13_L001_R2_001.fastq.gz
sg200_N_TDP43kd_14_B2	TDP43kd	sg200_N_TDP43kd	sg200	sg200_N_TDP43kd_14	PE	/data/CARD_ARDIS/TDP43kdRNAseq/NovaSeq221007notrebalanced_JR7961/sample1320/JR-7961_New/JR-7961_14_S14_L001_R1_001.fastq.gz	/data/CARD_ARDIS/TDP43kdRNAseq/NovaSeq221007notrebalanced_JR7961/sample1320/JR-7961_New/JR-7961_14_S14_L001_R2_001.fastq.gz
sg200_N_TDP43kd_15_B2	TDP43kd	sg200_N_TDP43kd	sg200	sg200_N_TDP43kd_15	PE	/data/CARD_ARDIS/TDP43kdRNAseq/NovaSeq221007notrebalanced_JR7961/sample1320/JR-7961_New/JR-7961_15_S15_L001_R1_001.fastq.gz	/data/CARD_ARDIS/TDP43kdRNAseq/NovaSeq221007notrebalanced_JR7961/sample1320/JR-7961_New/JR-7961_15_S15_L001_R2_001.fastq.gz
sg200_S_TDP43kd_16_B2	TDP43kd	sg200_S_TDP43kd	sg200	sg200_S_TDP43kd_16	PE	/data/CARD_ARDIS/TDP43kdRNAseq/NovaSeq221007notrebalanced_JR7961/sample1320/JR-7961_New/JR-7961_16_S16_L001_R1_001.fastq.gz	/data/CARD_ARDIS/TDP43kdRNAseq/NovaSeq221007notrebalanced_JR7961/sample1320/JR-7961_New/JR-7961_16_S16_L001_R2_001.fastq.gz
sg200_S_TDP43kd_17_B2	TDP43kd	sg200_S_TDP43kd	sg200	sg200_S_TDP43kd_17	PE	/data/CARD_ARDIS/TDP43kdRNAseq/NovaSeq221007notrebalanced_JR7961/sample1320/JR-7961_New/JR-7961_17_S17_L001_R1_001.fastq.gz	/data/CARD_ARDIS/TDP43kdRNAseq/NovaSeq221007notrebalanced_JR7961/sample1320/JR-7961_New/JR-7961_17_S17_L001_R2_001.fastq.gz
sg200_S_TDP43kd_18_B2	TDP43kd	sg200_S_TDP43kd	sg200	sg200_S_TDP43kd_18	PE	/data/CARD_ARDIS/TDP43kdRNAseq/NovaSeq221007notrebalanced_JR7961/sample1320/JR-7961_New/JR-7961_18_S18_L001_R1_001.fastq.gz	/data/CARD_ARDIS/TDP43kdRNAseq/NovaSeq221007notrebalanced_JR7961/sample1320/JR-7961_New/JR-7961_18_S18_L001_R2_001.fastq.gz
sg200_S_TDP43kd_19_B2	TDP43kd	sg200_S_TDP43kd	sg200	sg200_S_TDP43kd_19	PE	/data/CARD_ARDIS/TDP43kdRNAseq/NovaSeq221007notrebalanced_JR7961/sample1320/JR-7961_New/JR-7961_19_S19_L001_R1_001.fastq.gz	/data/CARD_ARDIS/TDP43kdRNAseq/NovaSeq221007notrebalanced_JR7961/sample1320/JR-7961_New/JR-7961_19_S19_L001_R2_001.fastq.gz
sg100_N_TDP43kd_1_B2	TDP43kd	sg100_N_TDP43kd	sg100	sg100_N_TDP43kd_1	PE	/data/CARD_ARDIS/TDP43kdRNAseq/NovaSeq221007notrebalanced_JR7961/sample1320/JR-7961_New/JR-7961_1_S1_L001_R1_001.fastq.gz	/data/CARD_ARDIS/TDP43kdRNAseq/NovaSeq221007notrebalanced_JR7961/sample1320/JR-7961_New/JR-7961_1_S1_L001_R2_001.fastq.gz
sg200_S_TDP43kd_20_B2	TDP43kd	sg200_S_TDP43kd	sg200	sg200_S_TDP43kd_20	PE	/data/CARD_ARDIS/TDP43kdRNAseq/NovaSeq221007notrebalanced_JR7961/sample1320/JR-7961_New/JR-7961_20_S20_L001_R1_001.fastq.gz	/data/CARD_ARDIS/TDP43kdRNAseq/NovaSeq221007notrebalanced_JR7961/sample1320/JR-7961_New/JR-7961_20_S20_L001_R2_001.fastq.gz
sg100_N_TDP43kd_2_B2	TDP43kd	sg100_N_TDP43kd	sg100	sg100_N_TDP43kd_2	PE	/data/CARD_ARDIS/TDP43kdRNAseq/NovaSeq221007notrebalanced_JR7961/sample1320/JR-7961_New/JR-7961_2_S2_L001_R1_001.fastq.gz	/data/CARD_ARDIS/TDP43kdRNAseq/NovaSeq221007notrebalanced_JR7961/sample1320/JR-7961_New/JR-7961_2_S2_L001_R2_001.fastq.gz
sg100_N_TDP43kd_3_B2	TDP43kd	sg100_N_TDP43kd	sg100	sg100_N_TDP43kd_3	PE	/data/CARD_ARDIS/TDP43kdRNAseq/NovaSeq221007notrebalanced_JR7961/sample1320/JR-7961_New/JR-7961_3_S3_L001_R1_001.fastq.gz	/data/CARD_ARDIS/TDP43kdRNAseq/NovaSeq221007notrebalanced_JR7961/sample1320/JR-7961_New/JR-7961_3_S3_L001_R2_001.fastq.gz
sg100_N_TDP43kd_4_B2	TDP43kd	sg100_N_TDP43kd	sg100	sg100_N_TDP43kd_4	PE	/data/CARD_ARDIS/TDP43kdRNAseq/NovaSeq221007notrebalanced_JR7961/sample1320/JR-7961_New/JR-7961_4_S4_L001_R1_001.fastq.gz	/data/CARD_ARDIS/TDP43kdRNAseq/NovaSeq221007notrebalanced_JR7961/sample1320/JR-7961_New/JR-7961_4_S4_L001_R2_001.fastq.gz
sg100_N_TDP43kd_5_B2	TDP43kd	sg100_N_TDP43kd	sg100	sg100_N_TDP43kd_5	PE	/data/CARD_ARDIS/TDP43kdRNAseq/NovaSeq221007notrebalanced_JR7961/sample1320/JR-7961_New/JR-7961_5_S5_L001_R1_001.fastq.gz	/data/CARD_ARDIS/TDP43kdRNAseq/NovaSeq221007notrebalanced_JR7961/sample1320/JR-7961_New/JR-7961_5_S5_L001_R2_001.fastq.gz
sg100_S_TDP43kd_6_B2	TDP43kd	sg100_S_TDP43kd	sg100	sg100_S_TDP43kd_6	PE	/data/CARD_ARDIS/TDP43kdRNAseq/NovaSeq221007notrebalanced_JR7961/sample1320/JR-7961_New/JR-7961_6_S6_L001_R1_001.fastq.gz	/data/CARD_ARDIS/TDP43kdRNAseq/NovaSeq221007notrebalanced_JR7961/sample1320/JR-7961_New/JR-7961_6_S6_L001_R2_001.fastq.gz
sg100_S_TDP43kd_7_B2	TDP43kd	sg100_S_TDP43kd	sg100	sg100_S_TDP43kd_7	PE	/data/CARD_ARDIS/TDP43kdRNAseq/NovaSeq221007notrebalanced_JR7961/sample1320/JR-7961_New/JR-7961_7_S7_L001_R1_001.fastq.gz	/data/CARD_ARDIS/TDP43kdRNAseq/NovaSeq221007notrebalanced_JR7961/sample1320/JR-7961_New/JR-7961_7_S7_L001_R2_001.fastq.gz
sg100_S_TDP43kd_8_B2	TDP43kd	sg100_S_TDP43kd	sg100	sg100_S_TDP43kd_8	PE	/data/CARD_ARDIS/TDP43kdRNAseq/NovaSeq221007notrebalanced_JR7961/sample1320/JR-7961_New/JR-7961_8_S8_L001_R1_001.fastq.gz	/data/CARD_ARDIS/TDP43kdRNAseq/NovaSeq221007notrebalanced_JR7961/sample1320/JR-7961_New/JR-7961_8_S8_L001_R2_001.fastq.gz
sg100_S_TDP43kd_9_B2	TDP43kd	sg100_S_TDP43kd	sg100	sg100_S_TDP43kd_9	PE	/data/CARD_ARDIS/TDP43kdRNAseq/NovaSeq221007notrebalanced_JR7961/sample1320/JR-7961_New/JR-7961_9_S9_L001_R1_001.fastq.gz	/data/CARD_ARDIS/TDP43kdRNAseq/NovaSeq221007notrebalanced_JR7961/sample1320/JR-7961_New/JR-7961_9_S9_L001_R2_001.fastq.gz
sg100_N_FUSkd_1_L1	FUSkd	sg100_N_FUSkd	sg100	sg100_N_FUSkd_1	PE	/data/CARD_ARDIS/FUSkdRNAseq/NovaSeq_VR8153/VR-8153_1_S1_L001_R1_001.fastq.gz	/data/CARD_ARDIS/FUSkdRNAseq/NovaSeq_VR8153/VR-8153_1_S1_L001_R2_001.fastq.gz
sg100_N_FUSkd_1_L2	FUSkd	sg100_N_FUSkd	sg100	sg100_N_FUSkd_1	PE	/data/CARD_ARDIS/FUSkdRNAseq/NovaSeq_VR8153/VR-8153_1_S1_L002_R1_001.fastq.gz	/data/CARD_ARDIS/FUSkdRNAseq/NovaSeq_VR8153/VR-8153_1_S1_L002_R2_001.fastq.gz
sg100_N_FUSkd_2_L1	FUSkd	sg100_N_FUSkd	sg100	sg100_N_FUSkd_2	PE	/data/CARD_ARDIS/FUSkdRNAseq/NovaSeq_VR8153/VR-8153_2_S2_L001_R1_001.fastq.gz	/data/CARD_ARDIS/FUSkdRNAseq/NovaSeq_VR8153/VR-8153_2_S2_L001_R2_001.fastq.gz
sg100_N_FUSkd_2_L2	FUSkd	sg100_N_FUSkd	sg100	sg100_N_FUSkd_2	PE	/data/CARD_ARDIS/FUSkdRNAseq/NovaSeq_VR8153/VR-8153_2_S2_L002_R1_001.fastq.gz	/data/CARD_ARDIS/FUSkdRNAseq/NovaSeq_VR8153/VR-8153_2_S2_L002_R2_001.fastq.gz
sg100_N_FUSkd_3_L1	FUSkd	sg100_N_FUSkd	sg100	sg100_N_FUSkd_3	PE	/data/CARD_ARDIS/FUSkdRNAseq/NovaSeq_VR8153/VR-8153_3_S3_L001_R1_001.fastq.gz	/data/CARD_ARDIS/FUSkdRNAseq/NovaSeq_VR8153/VR-8153_3_S3_L001_R2_001.fastq.gz
sg100_N_FUSkd_3_L2	FUSkd	sg100_N_FUSkd	sg100	sg100_N_FUSkd_3	PE	/data/CARD_ARDIS/FUSkdRNAseq/NovaSeq_VR8153/VR-8153_3_S3_L002_R1_001.fastq.gz	/data/CARD_ARDIS/FUSkdRNAseq/NovaSeq_VR8153/VR-8153_3_S3_L002_R2_001.fastq.gz
sg100_N_FUSkd_4_L1	FUSkd	sg100_N_FUSkd	sg100	sg100_N_FUSkd_4	PE	/data/CARD_ARDIS/FUSkdRNAseq/NovaSeq_VR8153/VR-8153_4_S4_L001_R1_001.fastq.gz	/data/CARD_ARDIS/FUSkdRNAseq/NovaSeq_VR8153/VR-8153_4_S4_L001_R2_001.fastq.gz
sg100_N_FUSkd_4_L2	FUSkd	sg100_N_FUSkd	sg100	sg100_N_FUSkd_4	PE	/data/CARD_ARDIS/FUSkdRNAseq/NovaSeq_VR8153/VR-8153_4_S4_L002_R1_001.fastq.gz	/data/CARD_ARDIS/FUSkdRNAseq/NovaSeq_VR8153/VR-8153_4_S4_L002_R2_001.fastq.gz
sg100_N_FUSkd_5_L1	FUSkd	sg100_N_FUSkd	sg100	sg100_N_FUSkd_5	PE	/data/CARD_ARDIS/FUSkdRNAseq/NovaSeq_VR8153/VR-8153_5_S5_L001_R1_001.fastq.gz	/data/CARD_ARDIS/FUSkdRNAseq/NovaSeq_VR8153/VR-8153_5_S5_L001_R2_001.fastq.gz
sg100_N_FUSkd_5_L2	FUSkd	sg100_N_FUSkd	sg100	sg100_N_FUSkd_5	PE	/data/CARD_ARDIS/FUSkdRNAseq/NovaSeq_VR8153/VR-8153_5_S5_L002_R1_001.fastq.gz	/data/CARD_ARDIS/FUSkdRNAseq/NovaSeq_VR8153/VR-8153_5_S5_L002_R2_001.fastq.gz
sg100_N_FUSkd_6_L1	FUSkd	sg100_N_FUSkd	sg100	sg100_N_FUSkd_6	PE	/data/CARD_ARDIS/FUSkdRNAseq/NovaSeq_VR8153/VR-8153_6_S6_L001_R1_001.fastq.gz	/data/CARD_ARDIS/FUSkdRNAseq/NovaSeq_VR8153/VR-8153_6_S6_L001_R2_001.fastq.gz
sg100_N_FUSkd_6_L2	FUSkd	sg100_N_FUSkd	sg100	sg100_N_FUSkd_6	PE	/data/CARD_ARDIS/FUSkdRNAseq/NovaSeq_VR8153/VR-8153_6_S6_L002_R1_001.fastq.gz	/data/CARD_ARDIS/FUSkdRNAseq/NovaSeq_VR8153/VR-8153_6_S6_L002_R2_001.fastq.gz
sg100_S_FUSkd_7_L1	FUSkd	sg100_S_FUSkd	sg100	sg100_S_FUSkd_7	PE	/data/CARD_ARDIS/FUSkdRNAseq/NovaSeq_VR8153/VR-8153_7_S7_L001_R1_001.fastq.gz	/data/CARD_ARDIS/FUSkdRNAseq/NovaSeq_VR8153/VR-8153_7_S7_L001_R2_001.fastq.gz
sg100_S_FUSkd_7_L2	FUSkd	sg100_S_FUSkd	sg100	sg100_S_FUSkd_7	PE	/data/CARD_ARDIS/FUSkdRNAseq/NovaSeq_VR8153/VR-8153_7_S7_L002_R1_001.fastq.gz	/data/CARD_ARDIS/FUSkdRNAseq/NovaSeq_VR8153/VR-8153_7_S7_L002_R2_001.fastq.gz
sg100_S_FUSkd_8_L1	FUSkd	sg100_S_FUSkd	sg100	sg100_S_FUSkd_8	PE	/data/CARD_ARDIS/FUSkdRNAseq/NovaSeq_VR8153/VR-8153_8_S8_L001_R1_001.fastq.gz	/data/CARD_ARDIS/FUSkdRNAseq/NovaSeq_VR8153/VR-8153_8_S8_L001_R2_001.fastq.gz
sg100_S_FUSkd_8_L2	FUSkd	sg100_S_FUSkd	sg100	sg100_S_FUSkd_8	PE	/data/CARD_ARDIS/FUSkdRNAseq/NovaSeq_VR8153/VR-8153_8_S8_L002_R1_001.fastq.gz	/data/CARD_ARDIS/FUSkdRNAseq/NovaSeq_VR8153/VR-8153_8_S8_L002_R2_001.fastq.gz
sg100_S_FUSkd_9_L1	FUSkd	sg100_S_FUSkd	sg100	sg100_S_FUSkd_9	PE	/data/CARD_ARDIS/FUSkdRNAseq/NovaSeq_VR8153/VR-8153_9_S9_L001_R1_001.fastq.gz	/data/CARD_ARDIS/FUSkdRNAseq/NovaSeq_VR8153/VR-8153_9_S9_L001_R2_001.fastq.gz
sg100_S_FUSkd_9_L2	FUSkd	sg100_S_FUSkd	sg100	sg100_S_FUSkd_9	PE	/data/CARD_ARDIS/FUSkdRNAseq/NovaSeq_VR8153/VR-8153_9_S9_L002_R1_001.fastq.gz	/data/CARD_ARDIS/FUSkdRNAseq/NovaSeq_VR8153/VR-8153_9_S9_L002_R2_001.fastq.gz
sg100_S_FUSkd_10_L1	FUSkd	sg100_S_FUSkd	sg100	sg100_S_FUSkd_10	PE	/data/CARD_ARDIS/FUSkdRNAseq/NovaSeq_VR8153/VR-8153_10_S10_L001_R1_001.fastq.gz	/data/CARD_ARDIS/FUSkdRNAseq/NovaSeq_VR8153/VR-8153_10_S10_L001_R2_001.fastq.gz
sg100_S_FUSkd_10_L2	FUSkd	sg100_S_FUSkd	sg100	sg100_S_FUSkd_10	PE	/data/CARD_ARDIS/FUSkdRNAseq/NovaSeq_VR8153/VR-8153_10_S10_L002_R1_001.fastq.gz	/data/CARD_ARDIS/FUSkdRNAseq/NovaSeq_VR8153/VR-8153_10_S10_L002_R2_001.fastq.gz
sg100_S_FUSkd_11_L1	FUSkd	sg100_S_FUSkd	sg100	sg100_S_FUSkd_11	PE	/data/CARD_ARDIS/FUSkdRNAseq/NovaSeq_VR8153/VR-8153_11_S11_L001_R1_001.fastq.gz	/data/CARD_ARDIS/FUSkdRNAseq/NovaSeq_VR8153/VR-8153_11_S11_L001_R2_001.fastq.gz
sg100_S_FUSkd_11_L2	FUSkd	sg100_S_FUSkd	sg100	sg100_S_FUSkd_11	PE	/data/CARD_ARDIS/FUSkdRNAseq/NovaSeq_VR8153/VR-8153_11_S11_L002_R1_001.fastq.gz	/data/CARD_ARDIS/FUSkdRNAseq/NovaSeq_VR8153/VR-8153_11_S11_L002_R2_001.fastq.gz
sg100_S_FUSkd_12_L1	FUSkd	sg100_S_FUSkd	sg100	sg100_S_FUSkd_12	PE	/data/CARD_ARDIS/FUSkdRNAseq/NovaSeq_VR8153/VR-8153_12_S12_L001_R1_001.fastq.gz	/data/CARD_ARDIS/FUSkdRNAseq/NovaSeq_VR8153/VR-8153_12_S12_L001_R2_001.fastq.gz
sg100_S_FUSkd_12_L2	FUSkd	sg100_S_FUSkd	sg100	sg100_S_FUSkd_12	PE	/data/CARD_ARDIS/FUSkdRNAseq/NovaSeq_VR8153/VR-8153_12_S12_L002_R1_001.fastq.gz	/data/CARD_ARDIS/FUSkdRNAseq/NovaSeq_VR8153/VR-8153_12_S12_L002_R2_001.fastq.gz
sg1152_N_FUSkd_13_L1	FUSkd	sg1152_N_FUSkd	sg1152	sg1152_N_FUSkd_13	PE	/data/CARD_ARDIS/FUSkdRNAseq/NovaSeq_VR8153/VR-8153_13_S13_L001_R1_001.fastq.gz	/data/CARD_ARDIS/FUSkdRNAseq/NovaSeq_VR8153/VR-8153_13_S13_L001_R2_001.fastq.gz
sg1152_N_FUSkd_13_L2	FUSkd	sg1152_N_FUSkd	sg1152	sg1152_N_FUSkd_13	PE	/data/CARD_ARDIS/FUSkdRNAseq/NovaSeq_VR8153/VR-8153_13_S13_L002_R1_001.fastq.gz	/data/CARD_ARDIS/FUSkdRNAseq/NovaSeq_VR8153/VR-8153_13_S13_L002_R2_001.fastq.gz
sg1152_N_FUSkd_14_L1	FUSkd	sg1152_N_FUSkd	sg1152	sg1152_N_FUSkd_14	PE	/data/CARD_ARDIS/FUSkdRNAseq/NovaSeq_VR8153/VR-8153_14_S14_L001_R1_001.fastq.gz	/data/CARD_ARDIS/FUSkdRNAseq/NovaSeq_VR8153/VR-8153_14_S14_L001_R2_001.fastq.gz
sg1152_N_FUSkd_14_L2	FUSkd	sg1152_N_FUSkd	sg1152	sg1152_N_FUSkd_14	PE	/data/CARD_ARDIS/FUSkdRNAseq/NovaSeq_VR8153/VR-8153_14_S14_L002_R1_001.fastq.gz	/data/CARD_ARDIS/FUSkdRNAseq/NovaSeq_VR8153/VR-8153_14_S14_L002_R2_001.fastq.gz
sg1152_N_FUSkd_15_L1	FUSkd	sg1152_N_FUSkd	sg1152	sg1152_N_FUSkd_15	PE	/data/CARD_ARDIS/FUSkdRNAseq/NovaSeq_VR8153/VR-8153_15_S15_L001_R1_001.fastq.gz	/data/CARD_ARDIS/FUSkdRNAseq/NovaSeq_VR8153/VR-8153_15_S15_L001_R2_001.fastq.gz
sg1152_N_FUSkd_15_L2	FUSkd	sg1152_N_FUSkd	sg1152	sg1152_N_FUSkd_15	PE	/data/CARD_ARDIS/FUSkdRNAseq/NovaSeq_VR8153/VR-8153_15_S15_L002_R1_001.fastq.gz	/data/CARD_ARDIS/FUSkdRNAseq/NovaSeq_VR8153/VR-8153_15_S15_L002_R2_001.fastq.gz
sg1152_N_FUSkd_16_L1	FUSkd	sg1152_N_FUSkd	sg1152	sg1152_N_FUSkd_16	PE	/data/CARD_ARDIS/FUSkdRNAseq/NovaSeq_VR8153/VR-8153_16_S16_L001_R1_001.fastq.gz	/data/CARD_ARDIS/FUSkdRNAseq/NovaSeq_VR8153/VR-8153_16_S16_L001_R2_001.fastq.gz
sg1152_N_FUSkd_16_L2	FUSkd	sg1152_N_FUSkd	sg1152	sg1152_N_FUSkd_16	PE	/data/CARD_ARDIS/FUSkdRNAseq/NovaSeq_VR8153/VR-8153_16_S16_L002_R1_001.fastq.gz	/data/CARD_ARDIS/FUSkdRNAseq/NovaSeq_VR8153/VR-8153_16_S16_L002_R2_001.fastq.gz
sg1152_N_FUSkd_17_L1	FUSkd	sg1152_N_FUSkd	sg1152	sg1152_N_FUSkd_17	PE	/data/CARD_ARDIS/FUSkdRNAseq/NovaSeq_VR8153/VR-8153_17_S17_L001_R1_001.fastq.gz	/data/CARD_ARDIS/FUSkdRNAseq/NovaSeq_VR8153/VR-8153_17_S17_L001_R2_001.fastq.gz
sg1152_N_FUSkd_17_L2	FUSkd	sg1152_N_FUSkd	sg1152	sg1152_N_FUSkd_17	PE	/data/CARD_ARDIS/FUSkdRNAseq/NovaSeq_VR8153/VR-8153_17_S17_L002_R1_001.fastq.gz	/data/CARD_ARDIS/FUSkdRNAseq/NovaSeq_VR8153/VR-8153_17_S17_L002_R2_001.fastq.gz
sg1152_N_FUSkd_18_L1	FUSkd	sg1152_N_FUSkd	sg1152	sg1152_N_FUSkd_18	PE	/data/CARD_ARDIS/FUSkdRNAseq/NovaSeq_VR8153/VR-8153_18_S18_L001_R1_001.fastq.gz	/data/CARD_ARDIS/FUSkdRNAseq/NovaSeq_VR8153/VR-8153_18_S18_L001_R2_001.fastq.gz
sg1152_N_FUSkd_18_L2	FUSkd	sg1152_N_FUSkd	sg1152	sg1152_N_FUSkd_18	PE	/data/CARD_ARDIS/FUSkdRNAseq/NovaSeq_VR8153/VR-8153_18_S18_L002_R1_001.fastq.gz	/data/CARD_ARDIS/FUSkdRNAseq/NovaSeq_VR8153/VR-8153_18_S18_L002_R2_001.fastq.gz
sg1152_S_FUSkd_19_L1	FUSkd	sg1152_S_FUSkd	sg1152	sg1152_S_FUSkd_19	PE	/data/CARD_ARDIS/FUSkdRNAseq/NovaSeq_VR8153/VR-8153_19_S19_L001_R1_001.fastq.gz	/data/CARD_ARDIS/FUSkdRNAseq/NovaSeq_VR8153/VR-8153_19_S19_L001_R2_001.fastq.gz
sg1152_S_FUSkd_19_L2	FUSkd	sg1152_S_FUSkd	sg1152	sg1152_S_FUSkd_19	PE	/data/CARD_ARDIS/FUSkdRNAseq/NovaSeq_VR8153/VR-8153_19_S19_L002_R1_001.fastq.gz	/data/CARD_ARDIS/FUSkdRNAseq/NovaSeq_VR8153/VR-8153_19_S19_L002_R2_001.fastq.gz
sg1152_S_FUSkd_20_L1	FUSkd	sg1152_S_FUSkd	sg1152	sg1152_S_FUSkd_20	PE	/data/CARD_ARDIS/FUSkdRNAseq/NovaSeq_VR8153/VR-8153_20_S20_L001_R1_001.fastq.gz	/data/CARD_ARDIS/FUSkdRNAseq/NovaSeq_VR8153/VR-8153_20_S20_L001_R2_001.fastq.gz
sg1152_S_FUSkd_20_L2	FUSkd	sg1152_S_FUSkd	sg1152	sg1152_S_FUSkd_20	PE	/data/CARD_ARDIS/FUSkdRNAseq/NovaSeq_VR8153/VR-8153_20_S20_L002_R1_001.fastq.gz	/data/CARD_ARDIS/FUSkdRNAseq/NovaSeq_VR8153/VR-8153_20_S20_L002_R2_001.fastq.gz
sg1152_S_FUSkd_21_L1	FUSkd	sg1152_S_FUSkd	sg1152	sg1152_S_FUSkd_21	PE	/data/CARD_ARDIS/FUSkdRNAseq/NovaSeq_VR8153/VR-8153_21_S21_L001_R1_001.fastq.gz	/data/CARD_ARDIS/FUSkdRNAseq/NovaSeq_VR8153/VR-8153_21_S21_L001_R2_001.fastq.gz
sg1152_S_FUSkd_21_L2	FUSkd	sg1152_S_FUSkd	sg1152	sg1152_S_FUSkd_21	PE	/data/CARD_ARDIS/FUSkdRNAseq/NovaSeq_VR8153/VR-8153_21_S21_L002_R1_001.fastq.gz	/data/CARD_ARDIS/FUSkdRNAseq/NovaSeq_VR8153/VR-8153_21_S21_L002_R2_001.fastq.gz
sg1152_S_FUSkd_22_L1	FUSkd	sg1152_S_FUSkd	sg1152	sg1152_S_FUSkd_22	PE	/data/CARD_ARDIS/FUSkdRNAseq/NovaSeq_VR8153/VR-8153_22_S22_L001_R1_001.fastq.gz	/data/CARD_ARDIS/FUSkdRNAseq/NovaSeq_VR8153/VR-8153_22_S22_L001_R2_001.fastq.gz
sg1152_S_FUSkd_22_L2	FUSkd	sg1152_S_FUSkd	sg1152	sg1152_S_FUSkd_22	PE	/data/CARD_ARDIS/FUSkdRNAseq/NovaSeq_VR8153/VR-8153_22_S22_L002_R1_001.fastq.gz	/data/CARD_ARDIS/FUSkdRNAseq/NovaSeq_VR8153/VR-8153_22_S22_L002_R2_001.fastq.gz
sg1152_S_FUSkd_23_L1	FUSkd	sg1152_S_FUSkd	sg1152	sg1152_S_FUSkd_23	PE	/data/CARD_ARDIS/FUSkdRNAseq/NovaSeq_VR8153/VR-8153_23_S23_L001_R1_001.fastq.gz	/data/CARD_ARDIS/FUSkdRNAseq/NovaSeq_VR8153/VR-8153_23_S23_L001_R2_001.fastq.gz
sg1152_S_FUSkd_23_L2	FUSkd	sg1152_S_FUSkd	sg1152	sg1152_S_FUSkd_23	PE	/data/CARD_ARDIS/FUSkdRNAseq/NovaSeq_VR8153/VR-8153_23_S23_L002_R1_001.fastq.gz	/data/CARD_ARDIS/FUSkdRNAseq/NovaSeq_VR8153/VR-8153_23_S23_L002_R2_001.fastq.gz
sg1152_S_FUSkd_24_L1	FUSkd	sg1152_S_FUSkd	sg1152	sg1152_S_FUSkd_24	PE	/data/CARD_ARDIS/FUSkdRNAseq/NovaSeq_VR8153/VR-8153_24_S24_L001_R1_001.fastq.gz	/data/CARD_ARDIS/FUSkdRNAseq/NovaSeq_VR8153/VR-8153_24_S24_L001_R2_001.fastq.gz
sg1152_S_FUSkd_24_L2	FUSkd	sg1152_S_FUSkd	sg1152	sg1152_S_FUSkd_24	PE	/data/CARD_ARDIS/FUSkdRNAseq/NovaSeq_VR8153/VR-8153_24_S24_L002_R1_001.fastq.gz	/data/CARD_ARDIS/FUSkdRNAseq/NovaSeq_VR8153/VR-8153_24_S24_L002_R2_001.fastq.gz
sg1126_N_HNRNPA1kd_1_L1	HNRNPA1kd	sg1126_N_HNRNPA1kd	sg1126	sg1126_N_HNRNPA1kd_1	PE	/data/CARD_ARDIS/HNRNPA1kdRNAseq/NovaSeq_VR8147/VR-8147_1_S1_L001_R1_001.fastq.gz	/data/CARD_ARDIS/HNRNPA1kdRNAseq/NovaSeq_VR8147/VR-8147_1_S1_L001_R2_001.fastq.gz
sg1126_N_HNRNPA1kd_1_L2	HNRNPA1kd	sg1126_N_HNRNPA1kd	sg1126	sg1126_N_HNRNPA1kd_1	PE	/data/CARD_ARDIS/HNRNPA1kdRNAseq/NovaSeq_VR8147/VR-8147_1_S1_L002_R1_001.fastq.gz	/data/CARD_ARDIS/HNRNPA1kdRNAseq/NovaSeq_VR8147/VR-8147_1_S1_L002_R2_001.fastq.gz
sg1126_N_HNRNPA1kd_2_L1	HNRNPA1kd	sg1126_N_HNRNPA1kd	sg1126	sg1126_N_HNRNPA1kd_2	PE	/data/CARD_ARDIS/HNRNPA1kdRNAseq/NovaSeq_VR8147/VR-8147_2_S2_L001_R1_001.fastq.gz	/data/CARD_ARDIS/HNRNPA1kdRNAseq/NovaSeq_VR8147/VR-8147_2_S2_L001_R2_001.fastq.gz
sg1126_N_HNRNPA1kd_2_L2	HNRNPA1kd	sg1126_N_HNRNPA1kd	sg1126	sg1126_N_HNRNPA1kd_2	PE	/data/CARD_ARDIS/HNRNPA1kdRNAseq/NovaSeq_VR8147/VR-8147_2_S2_L002_R1_001.fastq.gz	/data/CARD_ARDIS/HNRNPA1kdRNAseq/NovaSeq_VR8147/VR-8147_2_S2_L002_R2_001.fastq.gz
sg1126_N_HNRNPA1kd_3_L1	HNRNPA1kd	sg1126_N_HNRNPA1kd	sg1126	sg1126_N_HNRNPA1kd_3	PE	/data/CARD_ARDIS/HNRNPA1kdRNAseq/NovaSeq_VR8147/VR-8147_3_S3_L001_R1_001.fastq.gz	/data/CARD_ARDIS/HNRNPA1kdRNAseq/NovaSeq_VR8147/VR-8147_3_S3_L001_R2_001.fastq.gz
sg1126_N_HNRNPA1kd_3_L2	HNRNPA1kd	sg1126_N_HNRNPA1kd	sg1126	sg1126_N_HNRNPA1kd_3	PE	/data/CARD_ARDIS/HNRNPA1kdRNAseq/NovaSeq_VR8147/VR-8147_3_S3_L002_R1_001.fastq.gz	/data/CARD_ARDIS/HNRNPA1kdRNAseq/NovaSeq_VR8147/VR-8147_3_S3_L002_R2_001.fastq.gz
sg1126_N_HNRNPA1kd_4_L1	HNRNPA1kd	sg1126_N_HNRNPA1kd	sg1126	sg1126_N_HNRNPA1kd_4	PE	/data/CARD_ARDIS/HNRNPA1kdRNAseq/NovaSeq_VR8147/VR-8147_4_S4_L001_R1_001.fastq.gz	/data/CARD_ARDIS/HNRNPA1kdRNAseq/NovaSeq_VR8147/VR-8147_4_S4_L001_R2_001.fastq.gz
sg1126_N_HNRNPA1kd_4_L2	HNRNPA1kd	sg1126_N_HNRNPA1kd	sg1126	sg1126_N_HNRNPA1kd_4	PE	/data/CARD_ARDIS/HNRNPA1kdRNAseq/NovaSeq_VR8147/VR-8147_4_S4_L002_R1_001.fastq.gz	/data/CARD_ARDIS/HNRNPA1kdRNAseq/NovaSeq_VR8147/VR-8147_4_S4_L002_R2_001.fastq.gz
sg1126_N_HNRNPA1kd_5_L1	HNRNPA1kd	sg1126_N_HNRNPA1kd	sg1126	sg1126_N_HNRNPA1kd_5	PE	/data/CARD_ARDIS/HNRNPA1kdRNAseq/NovaSeq_VR8147/VR-8147_5_S5_L001_R1_001.fastq.gz	/data/CARD_ARDIS/HNRNPA1kdRNAseq/NovaSeq_VR8147/VR-8147_5_S5_L001_R2_001.fastq.gz
sg1126_N_HNRNPA1kd_5_L2	HNRNPA1kd	sg1126_N_HNRNPA1kd	sg1126	sg1126_N_HNRNPA1kd_5	PE	/data/CARD_ARDIS/HNRNPA1kdRNAseq/NovaSeq_VR8147/VR-8147_5_S5_L002_R1_001.fastq.gz	/data/CARD_ARDIS/HNRNPA1kdRNAseq/NovaSeq_VR8147/VR-8147_5_S5_L002_R2_001.fastq.gz
sg1126_N_HNRNPA1kd_6_L1	HNRNPA1kd	sg1126_N_HNRNPA1kd	sg1126	sg1126_N_HNRNPA1kd_6	PE	/data/CARD_ARDIS/HNRNPA1kdRNAseq/NovaSeq_VR8147/VR-8147_6_S6_L001_R1_001.fastq.gz	/data/CARD_ARDIS/HNRNPA1kdRNAseq/NovaSeq_VR8147/VR-8147_6_S6_L001_R2_001.fastq.gz
sg1126_N_HNRNPA1kd_6_L2	HNRNPA1kd	sg1126_N_HNRNPA1kd	sg1126	sg1126_N_HNRNPA1kd_6	PE	/data/CARD_ARDIS/HNRNPA1kdRNAseq/NovaSeq_VR8147/VR-8147_6_S6_L002_R1_001.fastq.gz	/data/CARD_ARDIS/HNRNPA1kdRNAseq/NovaSeq_VR8147/VR-8147_6_S6_L002_R2_001.fastq.gz
sg1126_S_HNRNPA1kd_7_L1	HNRNPA1kd	sg1126_S_HNRNPA1kd	sg1126	sg1126_S_HNRNPA1kd_7	PE	/data/CARD_ARDIS/HNRNPA1kdRNAseq/NovaSeq_VR8147/VR-8147_7_S7_L001_R1_001.fastq.gz	/data/CARD_ARDIS/HNRNPA1kdRNAseq/NovaSeq_VR8147/VR-8147_7_S7_L001_R2_001.fastq.gz
sg1126_S_HNRNPA1kd_7_L2	HNRNPA1kd	sg1126_S_HNRNPA1kd	sg1126	sg1126_S_HNRNPA1kd_7	PE	/data/CARD_ARDIS/HNRNPA1kdRNAseq/NovaSeq_VR8147/VR-8147_7_S7_L002_R1_001.fastq.gz	/data/CARD_ARDIS/HNRNPA1kdRNAseq/NovaSeq_VR8147/VR-8147_7_S7_L002_R2_001.fastq.gz
sg1126_S_HNRNPA1kd_8_L1	HNRNPA1kd	sg1126_S_HNRNPA1kd	sg1126	sg1126_S_HNRNPA1kd_8	PE	/data/CARD_ARDIS/HNRNPA1kdRNAseq/NovaSeq_VR8147/VR-8147_8_S8_L001_R1_001.fastq.gz	/data/CARD_ARDIS/HNRNPA1kdRNAseq/NovaSeq_VR8147/VR-8147_8_S8_L001_R2_001.fastq.gz
sg1126_S_HNRNPA1kd_8_L2	HNRNPA1kd	sg1126_S_HNRNPA1kd	sg1126	sg1126_S_HNRNPA1kd_8	PE	/data/CARD_ARDIS/HNRNPA1kdRNAseq/NovaSeq_VR8147/VR-8147_8_S8_L002_R1_001.fastq.gz	/data/CARD_ARDIS/HNRNPA1kdRNAseq/NovaSeq_VR8147/VR-8147_8_S8_L002_R2_001.fastq.gz
sg1126_S_HNRNPA1kd_9_L1	HNRNPA1kd	sg1126_S_HNRNPA1kd	sg1126	sg1126_S_HNRNPA1kd_9	PE	/data/CARD_ARDIS/HNRNPA1kdRNAseq/NovaSeq_VR8147/VR-8147_9_S9_L001_R1_001.fastq.gz	/data/CARD_ARDIS/HNRNPA1kdRNAseq/NovaSeq_VR8147/VR-8147_9_S9_L001_R2_001.fastq.gz
sg1126_S_HNRNPA1kd_9_L2	HNRNPA1kd	sg1126_S_HNRNPA1kd	sg1126	sg1126_S_HNRNPA1kd_9	PE	/data/CARD_ARDIS/HNRNPA1kdRNAseq/NovaSeq_VR8147/VR-8147_9_S9_L002_R1_001.fastq.gz	/data/CARD_ARDIS/HNRNPA1kdRNAseq/NovaSeq_VR8147/VR-8147_9_S9_L002_R2_001.fastq.gz
sg1126_S_HNRNPA1kd_10_L1	HNRNPA1kd	sg1126_S_HNRNPA1kd	sg1126	sg1126_S_HNRNPA1kd_10	PE	/data/CARD_ARDIS/HNRNPA1kdRNAseq/NovaSeq_VR8147/VR-8147_10_S10_L001_R1_001.fastq.gz	/data/CARD_ARDIS/HNRNPA1kdRNAseq/NovaSeq_VR8147/VR-8147_10_S10_L001_R2_001.fastq.gz
sg1126_S_HNRNPA1kd_10_L2	HNRNPA1kd	sg1126_S_HNRNPA1kd	sg1126	sg1126_S_HNRNPA1kd_10	PE	/data/CARD_ARDIS/HNRNPA1kdRNAseq/NovaSeq_VR8147/VR-8147_10_S10_L002_R1_001.fastq.gz	/data/CARD_ARDIS/HNRNPA1kdRNAseq/NovaSeq_VR8147/VR-8147_10_S10_L002_R2_001.fastq.gz
sg1126_S_HNRNPA1kd_11_L1	HNRNPA1kd	sg1126_S_HNRNPA1kd	sg1126	sg1126_S_HNRNPA1kd_11	PE	/data/CARD_ARDIS/HNRNPA1kdRNAseq/NovaSeq_VR8147/VR-8147_11_S11_L001_R1_001.fastq.gz	/data/CARD_ARDIS/HNRNPA1kdRNAseq/NovaSeq_VR8147/VR-8147_11_S11_L001_R2_001.fastq.gz
sg1126_S_HNRNPA1kd_11_L2	HNRNPA1kd	sg1126_S_HNRNPA1kd	sg1126	sg1126_S_HNRNPA1kd_11	PE	/data/CARD_ARDIS/HNRNPA1kdRNAseq/NovaSeq_VR8147/VR-8147_11_S11_L002_R1_001.fastq.gz	/data/CARD_ARDIS/HNRNPA1kdRNAseq/NovaSeq_VR8147/VR-8147_11_S11_L002_R2_001.fastq.gz
sg1126_S_HNRNPA1kd_12_L1	HNRNPA1kd	sg1126_S_HNRNPA1kd	sg1126	sg1126_S_HNRNPA1kd_12	PE	/data/CARD_ARDIS/HNRNPA1kdRNAseq/NovaSeq_VR8147/VR-8147_12_S12_L001_R1_001.fastq.gz	/data/CARD_ARDIS/HNRNPA1kdRNAseq/NovaSeq_VR8147/VR-8147_12_S12_L001_R2_001.fastq.gz
sg1126_S_HNRNPA1kd_12_L2	HNRNPA1kd	sg1126_S_HNRNPA1kd	sg1126	sg1126_S_HNRNPA1kd_12	PE	/data/CARD_ARDIS/HNRNPA1kdRNAseq/NovaSeq_VR8147/VR-8147_12_S12_L002_R1_001.fastq.gz	/data/CARD_ARDIS/HNRNPA1kdRNAseq/NovaSeq_VR8147/VR-8147_12_S12_L002_R2_001.fastq.gz
sg1128_N_HNRNPA1kd_13_L1	HNRNPA1kd	sg1128_N_HNRNPA1kd	sg1128	sg1128_N_HNRNPA1kd_13	PE	/data/CARD_ARDIS/HNRNPA1kdRNAseq/NovaSeq_VR8147/VR-8147_13_S13_L001_R1_001.fastq.gz	/data/CARD_ARDIS/HNRNPA1kdRNAseq/NovaSeq_VR8147/VR-8147_13_S13_L001_R2_001.fastq.gz
sg1128_N_HNRNPA1kd_13_L2	HNRNPA1kd	sg1128_N_HNRNPA1kd	sg1128	sg1128_N_HNRNPA1kd_13	PE	/data/CARD_ARDIS/HNRNPA1kdRNAseq/NovaSeq_VR8147/VR-8147_13_S13_L002_R1_001.fastq.gz	/data/CARD_ARDIS/HNRNPA1kdRNAseq/NovaSeq_VR8147/VR-8147_13_S13_L002_R2_001.fastq.gz
sg1128_N_HNRNPA1kd_14_L1	HNRNPA1kd	sg1128_N_HNRNPA1kd	sg1128	sg1128_N_HNRNPA1kd_14	PE	/data/CARD_ARDIS/HNRNPA1kdRNAseq/NovaSeq_VR8147/VR-8147_14_S14_L001_R1_001.fastq.gz	/data/CARD_ARDIS/HNRNPA1kdRNAseq/NovaSeq_VR8147/VR-8147_14_S14_L001_R2_001.fastq.gz
sg1128_N_HNRNPA1kd_14_L2	HNRNPA1kd	sg1128_N_HNRNPA1kd	sg1128	sg1128_N_HNRNPA1kd_14	PE	/data/CARD_ARDIS/HNRNPA1kdRNAseq/NovaSeq_VR8147/VR-8147_14_S14_L002_R1_001.fastq.gz	/data/CARD_ARDIS/HNRNPA1kdRNAseq/NovaSeq_VR8147/VR-8147_14_S14_L002_R2_001.fastq.gz
sg1128_N_HNRNPA1kd_15_L1	HNRNPA1kd	sg1128_N_HNRNPA1kd	sg1128	sg1128_N_HNRNPA1kd_15	PE	/data/CARD_ARDIS/HNRNPA1kdRNAseq/NovaSeq_VR8147/VR-8147_15_S15_L001_R1_001.fastq.gz	/data/CARD_ARDIS/HNRNPA1kdRNAseq/NovaSeq_VR8147/VR-8147_15_S15_L001_R2_001.fastq.gz
sg1128_N_HNRNPA1kd_15_L2	HNRNPA1kd	sg1128_N_HNRNPA1kd	sg1128	sg1128_N_HNRNPA1kd_15	PE	/data/CARD_ARDIS/HNRNPA1kdRNAseq/NovaSeq_VR8147/VR-8147_15_S15_L002_R1_001.fastq.gz	/data/CARD_ARDIS/HNRNPA1kdRNAseq/NovaSeq_VR8147/VR-8147_15_S15_L002_R2_001.fastq.gz
sg1128_N_HNRNPA1kd_16_L1	HNRNPA1kd	sg1128_N_HNRNPA1kd	sg1128	sg1128_N_HNRNPA1kd_16	PE	/data/CARD_ARDIS/HNRNPA1kdRNAseq/NovaSeq_VR8147/VR-8147_16_S16_L001_R1_001.fastq.gz	/data/CARD_ARDIS/HNRNPA1kdRNAseq/NovaSeq_VR8147/VR-8147_16_S16_L001_R2_001.fastq.gz
sg1128_N_HNRNPA1kd_16_L2	HNRNPA1kd	sg1128_N_HNRNPA1kd	sg1128	sg1128_N_HNRNPA1kd_16	PE	/data/CARD_ARDIS/HNRNPA1kdRNAseq/NovaSeq_VR8147/VR-8147_16_S16_L002_R1_001.fastq.gz	/data/CARD_ARDIS/HNRNPA1kdRNAseq/NovaSeq_VR8147/VR-8147_16_S16_L002_R2_001.fastq.gz
sg1128_N_HNRNPA1kd_17_L1	HNRNPA1kd	sg1128_N_HNRNPA1kd	sg1128	sg1128_N_HNRNPA1kd_17	PE	/data/CARD_ARDIS/HNRNPA1kdRNAseq/NovaSeq_VR8147/VR-8147_17_S17_L001_R1_001.fastq.gz	/data/CARD_ARDIS/HNRNPA1kdRNAseq/NovaSeq_VR8147/VR-8147_17_S17_L001_R2_001.fastq.gz
sg1128_N_HNRNPA1kd_17_L2	HNRNPA1kd	sg1128_N_HNRNPA1kd	sg1128	sg1128_N_HNRNPA1kd_17	PE	/data/CARD_ARDIS/HNRNPA1kdRNAseq/NovaSeq_VR8147/VR-8147_17_S17_L002_R1_001.fastq.gz	/data/CARD_ARDIS/HNRNPA1kdRNAseq/NovaSeq_VR8147/VR-8147_17_S17_L002_R2_001.fastq.gz
sg1128_N_HNRNPA1kd_18_L1	HNRNPA1kd	sg1128_N_HNRNPA1kd	sg1128	sg1128_N_HNRNPA1kd_18	PE	/data/CARD_ARDIS/HNRNPA1kdRNAseq/NovaSeq_VR8147/VR-8147_18_S18_L001_R1_001.fastq.gz	/data/CARD_ARDIS/HNRNPA1kdRNAseq/NovaSeq_VR8147/VR-8147_18_S18_L001_R2_001.fastq.gz
sg1128_N_HNRNPA1kd_18_L2	HNRNPA1kd	sg1128_N_HNRNPA1kd	sg1128	sg1128_N_HNRNPA1kd_18	PE	/data/CARD_ARDIS/HNRNPA1kdRNAseq/NovaSeq_VR8147/VR-8147_18_S18_L002_R1_001.fastq.gz	/data/CARD_ARDIS/HNRNPA1kdRNAseq/NovaSeq_VR8147/VR-8147_18_S18_L002_R2_001.fastq.gz
sg1128_S_HNRNPA1kd_19_L1	HNRNPA1kd	sg1128_S_HNRNPA1kd	sg1128	sg1128_S_HNRNPA1kd_19	PE	/data/CARD_ARDIS/HNRNPA1kdRNAseq/NovaSeq_VR8147/VR-8147_19_S19_L001_R1_001.fastq.gz	/data/CARD_ARDIS/HNRNPA1kdRNAseq/NovaSeq_VR8147/VR-8147_19_S19_L001_R2_001.fastq.gz
sg1128_S_HNRNPA1kd_19_L2	HNRNPA1kd	sg1128_S_HNRNPA1kd	sg1128	sg1128_S_HNRNPA1kd_19	PE	/data/CARD_ARDIS/HNRNPA1kdRNAseq/NovaSeq_VR8147/VR-8147_19_S19_L002_R1_001.fastq.gz	/data/CARD_ARDIS/HNRNPA1kdRNAseq/NovaSeq_VR8147/VR-8147_19_S19_L002_R2_001.fastq.gz
sg1128_S_HNRNPA1kd_20_L1	HNRNPA1kd	sg1128_S_HNRNPA1kd	sg1128	sg1128_S_HNRNPA1kd_20	PE	/data/CARD_ARDIS/HNRNPA1kdRNAseq/NovaSeq_VR8147/VR-8147_20_S20_L001_R1_001.fastq.gz	/data/CARD_ARDIS/HNRNPA1kdRNAseq/NovaSeq_VR8147/VR-8147_20_S20_L001_R2_001.fastq.gz
sg1128_S_HNRNPA1kd_20_L2	HNRNPA1kd	sg1128_S_HNRNPA1kd	sg1128	sg1128_S_HNRNPA1kd_20	PE	/data/CARD_ARDIS/HNRNPA1kdRNAseq/NovaSeq_VR8147/VR-8147_20_S20_L002_R1_001.fastq.gz	/data/CARD_ARDIS/HNRNPA1kdRNAseq/NovaSeq_VR8147/VR-8147_20_S20_L002_R2_001.fastq.gz
sg1128_S_HNRNPA1kd_21_L1	HNRNPA1kd	sg1128_S_HNRNPA1kd	sg1128	sg1128_S_HNRNPA1kd_21	PE	/data/CARD_ARDIS/HNRNPA1kdRNAseq/NovaSeq_VR8147/VR-8147_21_S21_L001_R1_001.fastq.gz	/data/CARD_ARDIS/HNRNPA1kdRNAseq/NovaSeq_VR8147/VR-8147_21_S21_L001_R2_001.fastq.gz
sg1128_S_HNRNPA1kd_21_L2	HNRNPA1kd	sg1128_S_HNRNPA1kd	sg1128	sg1128_S_HNRNPA1kd_21	PE	/data/CARD_ARDIS/HNRNPA1kdRNAseq/NovaSeq_VR8147/VR-8147_21_S21_L002_R1_001.fastq.gz	/data/CARD_ARDIS/HNRNPA1kdRNAseq/NovaSeq_VR8147/VR-8147_21_S21_L002_R2_001.fastq.gz
sg1128_S_HNRNPA1kd_22_L1	HNRNPA1kd	sg1128_S_HNRNPA1kd	sg1128	sg1128_S_HNRNPA1kd_22	PE	/data/CARD_ARDIS/HNRNPA1kdRNAseq/NovaSeq_VR8147/VR-8147_22_S22_L001_R1_001.fastq.gz	/data/CARD_ARDIS/HNRNPA1kdRNAseq/NovaSeq_VR8147/VR-8147_22_S22_L001_R2_001.fastq.gz
sg1128_S_HNRNPA1kd_22_L2	HNRNPA1kd	sg1128_S_HNRNPA1kd	sg1128	sg1128_S_HNRNPA1kd_22	PE	/data/CARD_ARDIS/HNRNPA1kdRNAseq/NovaSeq_VR8147/VR-8147_22_S22_L002_R1_001.fastq.gz	/data/CARD_ARDIS/HNRNPA1kdRNAseq/NovaSeq_VR8147/VR-8147_22_S22_L002_R2_001.fastq.gz
sg1128_S_HNRNPA1kd_23_L1	HNRNPA1kd	sg1128_S_HNRNPA1kd	sg1128	sg1128_S_HNRNPA1kd_23	PE	/data/CARD_ARDIS/HNRNPA1kdRNAseq/NovaSeq_VR8147/VR-8147_23_S23_L001_R1_001.fastq.gz	/data/CARD_ARDIS/HNRNPA1kdRNAseq/NovaSeq_VR8147/VR-8147_23_S23_L001_R2_001.fastq.gz
sg1128_S_HNRNPA1kd_23_L2	HNRNPA1kd	sg1128_S_HNRNPA1kd	sg1128	sg1128_S_HNRNPA1kd_23	PE	/data/CARD_ARDIS/HNRNPA1kdRNAseq/NovaSeq_VR8147/VR-8147_23_S23_L002_R1_001.fastq.gz	/data/CARD_ARDIS/HNRNPA1kdRNAseq/NovaSeq_VR8147/VR-8147_23_S23_L002_R2_001.fastq.gz
sg1128_S_HNRNPA1kd_24_L1	HNRNPA1kd	sg1128_S_HNRNPA1kd	sg1128	sg1128_S_HNRNPA1kd_24	PE	/data/CARD_ARDIS/HNRNPA1kdRNAseq/NovaSeq_VR8147/VR-8147_24_S24_L001_R1_001.fastq.gz	/data/CARD_ARDIS/HNRNPA1kdRNAseq/NovaSeq_VR8147/VR-8147_24_S24_L001_R2_001.fastq.gz
sg1128_S_HNRNPA1kd_24_L2	HNRNPA1kd	sg1128_S_HNRNPA1kd	sg1128	sg1128_S_HNRNPA1kd_24	PE	/data/CARD_ARDIS/HNRNPA1kdRNAseq/NovaSeq_VR8147/VR-8147_24_S24_L002_R1_001.fastq.gz	/data/CARD_ARDIS/HNRNPA1kdRNAseq/NovaSeq_VR8147/VR-8147_24_S24_L002_R2_001.fastq.gz
Neurite_4_WT	WT	WT_N	WT	WT_N_4	PE	/data/CARD_ARDIS/2012_G3boydenRNAseq/raw_data/fastq210201/neurite_4_S1_R1_001.fastq.gz	/data/CARD_ARDIS/2012_G3boydenRNAseq/raw_data/fastq210201/neurite_4_S1_R2_001.fastq.gz
Neurite_5_WT	WT	WT_N	WT	WT_N_5	PE	/data/CARD_ARDIS/2012_G3boydenRNAseq/raw_data/fastq210201/neurite_5_S2_R1_001.fastq.gz	/data/CARD_ARDIS/2012_G3boydenRNAseq/raw_data/fastq210201/neurite_5_S2_R2_001.fastq.gz
Neurite_6_WT	WT	WT_N	WT	WT_N_6	PE	/data/CARD_ARDIS/2012_G3boydenRNAseq/raw_data/fastq210201/neurite_6_S3_R1_001.fastq.gz	/data/CARD_ARDIS/2012_G3boydenRNAseq/raw_data/fastq210201/neurite_6_S3_R2_001.fastq.gz
Neurite_7_WT	WT	WT_N	WT	WT_N_7	PE	/data/CARD_ARDIS/2012_G3boydenRNAseq/raw_data/fastq210201/neurite_7_S4_R1_001.fastq.gz	/data/CARD_ARDIS/2012_G3boydenRNAseq/raw_data/fastq210201/neurite_7_S4_R2_001.fastq.gz
Soma_4_WT	WT	WT_S	WT	WT_S_4	PE	/data/CARD_ARDIS/2012_G3boydenRNAseq/raw_data/fastq210201/soma_4_S5_R1_001.fastq.gz	/data/CARD_ARDIS/2012_G3boydenRNAseq/raw_data/fastq210201/soma_4_S5_R2_001.fastq.gz
Soma_5_WT	WT	WT_S	WT	WT_S_5	PE	/data/CARD_ARDIS/2012_G3boydenRNAseq/raw_data/fastq210201/soma_5_S6_R1_001.fastq.gz	/data/CARD_ARDIS/2012_G3boydenRNAseq/raw_data/fastq210201/soma_5_S6_R2_001.fastq.gz
Soma_6_WT	WT	WT_S	WT	WT_S_6	PE	/data/CARD_ARDIS/2012_G3boydenRNAseq/raw_data/fastq210201/soma_6_S7_R1_001.fastq.gz	/data/CARD_ARDIS/2012_G3boydenRNAseq/raw_data/fastq210201/soma_6_S7_R2_001.fastq.gz
Soma_7_WT	WT	WT_S	WT	WT_S_7	PE	/data/CARD_ARDIS/2012_G3boydenRNAseq/raw_data/fastq210201/soma_7_S8_R1_001.fastq.gz	/data/CARD_ARDIS/2012_G3boydenRNAseq/raw_data/fastq210201/soma_7_S8_R2_001.fastq.gz